ID,Category,Feedback
1,Training,"The recent training module on cybersecurity provided a clear overview and practical tips, generating both confidence and occasional puzzlement when advanced topics were introduced."
2,Training,"I appreciate the updated training materials for the new software platform, as they blend clarity with a touch of complexity that challenges my understanding."
3,Training,"The scheduled training sessions have been consistent and effective, though some modules leave me with a sense of overwhelm when technical jargon is used."
4,Training,"In the recent workshop for our CRM system, the interactive elements sparked enthusiasm, balanced by moments of hesitation with the intricate details."
5,Training,"Training on modern data analytics has become more relevant, though segments of the course occasionally confuse me with their rapid pace and technical depth."
6,Training,"Our hands-on training for remote work tools has been practical and engaging, even if intermittent lags in instruction leave me briefly uncertain."
7,Training,"The new onboarding process for IT training remains thorough, producing a blend of empowerment with fleeting distractions from overly detailed procedures."
8,Training,"I found the team training on system backups both instructive and nerve-wracking due to the high level of detail, but resolution was evident in subsequent modules."
9,Training,"The recurring training updates about IT security foster a sense of preparedness and safety, although the pace sometimes triggers minor bouts of confusion."
10,Training,"Our digital transformation training is well-structured with real-world scenarios, usually leaving me satisfied despite fleeting moments of cognitive overload."
11,Network,"Our network performance has been erratic, with frequent slowdowns that instill frustration and occasional bewilderment during critical tasks."
12,Network,"The daily hiccups in our VPN and internal connectivity make it challenging, mixing annoyance with a persistent doubt about overall reliability."
13,Network,"Network instability during peak hours leaves me anxious and mildly irritated, though a few smoother connections offer brief relief."
14,Network,"Although the network infrastructure is robust during off-peak periods, intermittent delays cultivate a sense of vexation and unexpected interruption."
15,Network,"Frequent router misconfigurations lead to sporadic connectivity issues that shake my confidence in our network, even as improvements are noted sporadically."
16,Network,"The lag during remote access and cloudy connections stokes both irritation and temporary despair, despite occasional stable performance."
17,Network,"Unexpected network outages during video conferences contribute to a lingering dissatisfaction and operational challenges, with rare flashes of stability providing minimal comfort."
18,IT-support,"IT-support is prompt when addressing common issues, although occasionally delayed responses generate a mix of relief and lingering frustration."
19,IT-support,"I greatly appreciate the help desk's willingness to listen, even as infrequent lapses in follow-up create a subtle undercurrent of discontent."
20,IT-support,"The resolution process by IT-support is mostly efficient, yet sporadic miscommunications cause fleeting moments of disbelief and irritation."
21,IT-support,"Every encounter with IT support brings a blend of gratitude and mild anxiety, especially when technical glitches persist longer than expected."
22,IT-support,"IT-support's proactive assistance usually brightens my day, though rare delays can spawn a tinge of irritation amidst overall satisfaction."
23,IT-support,"Frequent interactions with IT-support reveal a pattern of reliable service marred by occasional oversights that leave me quietly exasperated."
24,IT-support,"Although IT-support quickly addresses routine queries, a few instances of prolonged resolution leave an undercurrent of dismay mixed with relief upon resolution."
25,IT-support,"My experiences with IT-support are generally positive, yet intermittent missteps and the unresolved follow-ups sometimes evoke a sense of muted disappointment."
26,Software,"The new software update brought unpredictable behavior, sometimes leaving me with curiosity and mild annoyance, as error messages turn into cryptic puzzles."
27,Management,"Management decisions often appear abstract, leaving me with a blend of confusion and resigned amusement, as policies shift unpredictably."
28,Facilities,"While the office layout has seen improvements, sporadic issues with lighting and temperature create a mixed feeling of comfort and bewilderment."
29,Logistics,"Recent changes in logistical support seem misaligned with daily needs, sparking an odd mix of indifference and intermittent irritation."
30,Policy,"New policy revisions sometimes read like riddles, evoking an air of mystery and sporadic dismay whenever details evade clarity."
31,General,"I find myself at a loss with the latest updates; the changes seem both trivial and undefined, leaving a lingering sense of uncertainty."
32,Random,"Potato internet and unicorn protocols have become the norm lately, leaving me both amused and perplexed by the whimsical chaos."
33,Communication,"Internal communication appears sporadic and elusive, oscillating between whispers of updates and outright silence that breeds mild disquiet."
34,Miscellaneous,"Despite the apparent order, there exists an undercurrent of randomness that occasionally transforms routine processes into puzzles."
35,Undefined,"I do not know how to describe the recent system overhaul; it feels like an enigma wrapped in vague changes that lack coherence."
36,Software,"The latest patch for our core system turned routine tasks into subtle enigmas, sparking both investigative curiosity and occasional annoyance."
37,Hardware,"Intermittent issues with old hardware sometimes evoke nostalgia mixed with a twinge of irritation, as familiar glitches resurface unpredictably."
38,Management,"Recent leadership changes have left me with mixed feelings; a strange combination of hope and skepticism colors the atmosphere."
39,Facilities,"The new seating arrangement in our workspace promises modernity but has inadvertently introduced a curious air of congestion and discomfort."
40,Logistics,"Office supplies seem to vanish without trace, leaving me with a peculiar blend of bemusement and practicality in daily operations."
41,Policy,"Policy updates occasionally resemble riddles more than concrete guidelines, engendering both playful curiosity and a faint sense of consternation."
42,General,"The recent internal memo left me scratching my head; its content felt both significant and oddly trivial, leading to a mix of responses."
43,Random,"Quantum coffee breaks and mysterious break-room rituals have become the subject of both humor and bewilderment among colleagues."
44,Communication,"While emails fly in rapidly, the underlying message sometimes seems lost in translation, blending urgency with unintentional vagueness."
45,Miscellaneous,"Thereâ€™s an inexplicable charm in the randomness of our daily routines, often making mundane tasks feel intriguingly unpredictable."
46,Undefined,"The answers I was promised remain as abstract as ever, leaving me in a limbo of vague expectations and unfulfilled clarity."
47,Software,"While the system promises efficiency with every update, a side of ambiguous errors continuously reminds me that perfection is elusive."
48,Hardware,"The office printer has turned into a mysterious relic, its paper jams provoking both nostalgic humor and subtle frustration."
49,Management,"I sometimes feel like management speaks in riddles, blending visionary ideas with confusing directives that leave more questions than answers."
50,Miscellaneous,"A fleeting thought crossed my mind about the nature of work, as if the modern digital realm is as unpredictable as dreams."