8397,啊
8398,爱
8399,矮
839A,挨
839B,哎
839C,碍
839D,唉
839E,哀
839F,蔼
83A0,埃
83A1,暧
83A2,按
83A3,安
83A4,暗
83A5,岸
83A6,俺
83A7,案
83A8,鞍
83A9,庵
83AA,昂
83AB,肮
83AC,盎
83AD,凹
83AE,傲
83AF,奥
83B0,懊
83B1,澳
83B2,鏖
83B3,把
83B4,八
83B5,吧
83B6,爸
83B7,拔
83B8,罢
83B9,跋
83BA,巴
83BB,霸
83BC,白
83BD,摆
83BE,败
83BF,拜
83C0,稗
83C1,半
83C2,办
83C3,班
83C4,般
83C5,拌
83C6,搬
83C7,版
83C8,斑
83C9,板
83CA,伴
83CB,扳
83CC,扮
83CD,瓣
83CE,颁
83CF,绊
83D0,坂
83D1,阪
83D2,帮
83D3,棒
83D4,绑
83D5,邦
83D6,榜
83D7,浜
83D8,包
83D9,抱
83DA,报
83DB,饱
83DC,保
83DD,宝
83DE,爆
83DF,豹
83E0,褒
83E1,胞
83E2,鲍
83E3,龅
83E4,鸨
83E5,被
83E6,北
83E7,倍
83E8,杯
83E9,背
83EA,悲
83EB,备
83EC,碑
83ED,卑
83EE,贝
83EF,辈
83F0,狈
83F1,惫
83F2,呗
83F3,本
83F4,奔
83F5,笨
83F6,蹦
83F7,崩
83F8,比
83F9,笔
83FA,闭
83FB,鼻
83FC,碧
889E,必
889F,避
88A0,逼
88A1,毕
88A2,臂
88A3,彼
88A4,鄙
88A5,壁
88A6,币
88A7,蔽
88A8,敝
88A9,边
88AA,变
88AB,遍
88AC,编
88AD,辩
88AE,贬
88AF,鞭
88B0,卞
88B1,辨
88B2,辫
88B3,弁
88B4,表
88B5,标
88B6,杓
88B7,飙
88B8,飚
88B9,镖
88BA,别
88BB,憋
88BC,宾
88BD,濒
88BE,彬
88BF,斌
88C0,滨
88C1,并
88C2,病
88C3,兵
88C4,冰
88C5,饼
88C6,秉
88C7,柄
88C8,槟
88C9,禀
88CA,拨
88CB,波
88CC,播
88CD,博
88CE,伯
88CF,驳
88D0,玻
88D1,剥
88D2,薄
88D3,勃
88D4,钵
88D5,搏
88D6,脖
88D7,柏
88D8,舶
88D9,亳
88DA,啵
88DB,簸
88DC,钹
88DD,百
88DE,不
88DF,步
88E0,补
88E1,布
88E2,部
88E3,捕
88E4,卜
88E5,簿
88E6,怖
88E7,擦
88E8,才
88E9,菜
88EA,采
88EB,材
88EC,财
88ED,裁
88EE,猜
88EF,踩
88F0,彩
88F1,残
88F2,惨
88F3,惭
88F4,餐
88F5,仓
88F6,舱
88F7,苍
88F8,草
88F9,操
88FA,槽
88FB,糙
88FC,册
8940,侧
8941,策
8942,测
8943,厕
8944,岑
8945,层
8946,蹭
8947,插
8948,叉
8949,茶
894A,岔
894B,察
894C,茬
894D,镲
894E,柴
894F,拆
8950,产
8951,缠
8952,铲
8953,唱
8954,常
8955,场
8956,尝
8957,肠
8958,畅
8959,昌
895A,倡
895B,偿
895C,菖
895D,娼
895E,超
895F,吵
8960,潮
8961,巢
8962,炒
8963,撤
8964,扯
8965,掣
8966,彻
8967,趁
8968,辰
8969,臣
896A,尘
896B,晨
896C,沉
896D,陈
896E,衬
896F,忱
8970,抻
8971,成
8972,撑
8973,称
8974,城
8975,程
8976,呈
8977,诚
8978,惩
8979,逞
897A,骋
897B,橙
897C,承
897D,噌
897E,瞠
8980,吃
8981,尺
8982,迟
8983,池
8984,翅
8985,痴
8986,赤
8987,齿
8988,耻
8989,持
898A,斥
898B,驰
898C,炽
898D,叱
898E,冲
898F,虫
8990,充
8991,宠
8992,崇
8993,铳
8994,抽
8995,愁
8996,丑
8997,绸
8998,酬
8999,筹
899A,踌
899B,出
899C,处
899D,初
899E,除
899F,触
89A0,楚
89A1,础
89A2,储
89A3,躇
89A4,厨
89A5,雏
89A6,杵
89A7,怵
89A8,绌
89A9,穿
89AA,船
89AB,串
89AC,川
89AD,喘
89AE,钏
89AF,窗
89B0,床
89B1,闯
89B2,创
89B3,吹
89B4,垂
89B5,锤
89B6,捶
89B7,槌
89B8,春
89B9,纯
89BA,蠢
89BB,淳
89BC,戳
89BD,绰
89BE,次
89BF,此
89C0,词
89C1,瓷
89C2,慈
89C3,磁
89C4,辞
89C5,刺
89C6,茨
89C7,疵
89C8,赐
89C9,差
89CA,从
89CB,聪
89CC,凑
89CD,粗
89CE,促
89CF,蹴
89D0,催
89D1,脆
89D2,翠
89D3,崔
89D4,瘁
89D5,粹
89D6,萃
89D7,村
89D8,寸
89D9,存
89DA,错
89DB,挫
89DC,措
89DD,磋
89DE,嵯
89DF,答
89E0,达
89E1,打
89E2,搭
89E3,哒
89E4,带
89E5,代
89E6,呆
89E7,戴
89E8,待
89E9,袋
89EA,歹
89EB,贷
89EC,怠
89ED,大
89EE,殆
89EF,但
89F0,蛋
89F1,担
89F2,胆
89F3,淡
89F4,丹
89F5,耽
89F6,旦
89F7,诞
89F8,当
89F9,挡
89FA,档
89FB,荡
89FC,到
8A40,道
8A41,倒
8A42,刀
8A43,岛
8A44,盗
8A45,稻
8A46,捣
8A47,导
8A48,蹈
8A49,祷
8A4A,德
8A4B,得
8A4C,等
8A4D,灯
8A4E,邓
8A4F,登
8A50,澄
8A51,瞪
8A52,凳
8A53,蹬
8A54,地
8A55,第
8A56,底
8A57,低
8A58,敌
8A59,滴
8A5A,帝
8A5B,递
8A5C,弟
8A5D,缔
8A5E,堤
8A5F,的
8A60,涤
8A61,笛
8A62,迪
8A63,蒂
8A64,荻
8A65,镝
8A66,砥
8A67,点
8A68,电
8A69,店
8A6A,殿
8A6B,颠
8A6C,垫
8A6D,奠
8A6E,典
8A6F,佃
8A70,玷
8A71,巅
8A72,掉
8A73,钓
8A74,吊
8A75,雕
8A76,刁
8A77,鲷
8A78,爹
8A79,跌
8A7A,叠
8A7B,碟
8A7C,蝶
8A7D,迭
8A7E,顶
8A80,定
8A81,盯
8A82,订
8A83,丁
8A84,钉
8A85,鼎
8A86,町
8A87,丢
8A88,动
8A89,东
8A8A,懂
8A8B,洞
8A8C,冻
8A8D,冬
8A8E,斗
8A8F,豆
8A90,逗
8A91,抖
8A92,读
8A93,毒
8A94,渡
8A95,堵
8A96,独
8A97,肚
8A98,镀
8A99,赌
8A9A,睹
8A9B,杜
8A9C,督
8A9D,都
8A9E,妒
8A9F,笃
8AA0,段
8AA1,短
8AA2,断
8AA3,端
8AA4,锻
8AA5,缎
8AA6,煅
8AA7,对
8AA8,队
8AA9,堆
8AAA,兑
8AAB,碓
8AAC,吨
8AAD,顿
8AAE,蹲
8AAF,敦
8AB0,钝
8AB1,盾
8AB2,盹
8AB3,多
8AB4,朵
8AB5,夺
8AB6,舵
8AB7,跺
8AB8,惰
8AB9,哆
8ABA,度
8ABB,躲
8ABC,饿
8ABD,额
8ABE,鹅
8ABF,扼
8AC0,俄
8AC1,阿
8AC2,遏
8AC3,峨
8AC4,厄
8AC5,鄂
8AC6,颚
8AC7,呃
8AC8,噩
8AC9,诶
8ACA,恩
8ACB,而
8ACC,二
8ACD,耳
8ACE,儿
8ACF,饵
8AD0,尔
8AD1,贰
8AD2,迩
8AD3,发
8AD4,法
8AD5,罚
8AD6,伐
8AD7,乏
8AD8,阀
8AD9,珐
8ADA,反
8ADB,饭
8ADC,翻
8ADD,犯
8ADE,凡
8ADF,帆
8AE0,返
8AE1,泛
8AE2,烦
8AE3,贩
8AE4,范
8AE5,藩
8AE6,幡
8AE7,放
8AE8,房
8AE9,防
8AEA,纺
8AEB,芳
8AEC,方
8AED,访
8AEE,仿
8AEF,坊
8AF0,妨
8AF1,肪
8AF2,非
8AF3,飞
8AF4,肥
8AF5,费
8AF6,肺
8AF7,废
8AF8,匪
8AF9,沸
8AFA,菲
8AFB,啡
8AFC,斐
8B40,分
8B41,份
8B42,芬
8B43,粉
8B44,奋
8B45,愤
8B46,纷
8B47,氛
8B48,贲
8B49,风
8B4A,封
8B4B,逢
8B4C,缝
8B4D,蜂
8B4E,丰
8B4F,枫
8B50,疯
8B51,奉
8B52,凤
8B53,峰
8B54,锋
8B55,俸
8B56,副
8B57,幅
8B58,扶
8B59,浮
8B5A,富
8B5B,福
8B5C,负
8B5D,伏
8B5E,付
8B5F,复
8B60,服
8B61,附
8B62,斧
8B63,赴
8B64,缚
8B65,拂
8B66,夫
8B67,父
8B68,符
8B69,敷
8B6A,赋
8B6B,辅
8B6C,府
8B6D,腹
8B6E,妇
8B6F,抚
8B70,覆
8B71,肤
8B72,佛
8B73,俘
8B74,傅
8B75,弗
8B76,袱
8B77,甫
8B78,釜
8B79,腑
8B7A,阜
8B7B,匐
8B7C,该
8B7D,改
8B7E,概
8B80,干
8B81,感
8B82,敢
8B83,竿
8B84,甘
8B85,肝
8B86,柑
8B87,杆
8B88,绀
8B89,橄
8B8A,刚
8B8B,钢
8B8C,港
8B8D,缸
8B8E,岗
8B8F,冈
8B90,高
8B91,告
8B92,稿
8B93,糕
8B94,缟
8B95,藁
8B96,个
8B97,各
8B98,歌
8B99,割
8B9A,哥
8B9B,搁
8B9C,格
8B9D,阁
8B9E,隔
8B9F,革
8BA0,葛
8BA1,戈
8BA2,鸽
8BA3,盖
8BA4,跟
8BA5,根
8BA6,亘
8BA7,更
8BA8,耕
8BA9,梗
8BAA,耿
8BAB,哽
8BAC,工
8BAD,公
8BAE,功
8BAF,共
8BB0,弓
8BB1,攻
8BB2,宫
8BB3,供
8BB4,恭
8BB5,贡
8BB6,躬
8BB7,巩
8BB8,够
8BB9,沟
8BBA,狗
8BBB,钩
8BBC,勾
8BBD,购
8BBE,构
8BBF,苟
8BC0,垢
8BC1,古
8BC2,股
8BC3,鼓
8BC4,谷
8BC5,故
8BC6,孤
8BC7,姑
8BC8,顾
8BC9,固
8BCA,雇
8BCB,估
8BCC,咕
8BCD,骨
8BCE,辜
8BCF,蛊
8BD0,挂
8BD1,刮
8BD2,瓜
8BD3,寡
8BD4,怪
8BD5,拐
8BD6,关
8BD7,管
8BD8,官
8BD9,观
8BDA,馆
8BDB,惯
8BDC,罐
8BDD,灌
8BDE,冠
8BDF,贯
8BE0,光
8BE1,广
8BE2,逛
8BE3,归
8BE4,贵
8BE5,鬼
8BE6,跪
8BE7,轨
8BE8,规
8BE9,桂
8BEA,瑰
8BEB,圭
8BEC,滚
8BED,棍
8BEE,过
8BEF,国
8BF0,果
8BF1,裹
8BF2,锅
8BF3,郭
8BF4,哈
8BF5,海
8BF6,害
8BF7,孩
8BF8,嗨
8BF9,喊
8BFA,含
8BFB,汗
8BFC,寒
8C40,汉
8C41,旱
8C42,韩
8C43,涵
8C44,函
8C45,翰
8C46,罕
8C47,撼
8C48,憾
8C49,悍
8C4A,瀚
8C4B,航
8C4C,好
8C4D,号
8C4E,浩
8C4F,郝
8C50,毫
8C51,豪
8C52,耗
8C53,镐
8C54,喝
8C55,合
8C56,河
8C57,何
8C58,荷
8C59,贺
8C5A,赫
8C5B,盒
8C5C,鹤
8C5D,嗬
8C5E,诃
8C5F,黑
8C60,嘿
8C61,很
8C62,狠
8C63,恨
8C64,横
8C65,恒
8C66,哼
8C67,衡
8C68,亨
8C69,红
8C6A,轰
8C6B,哄
8C6C,洪
8C6D,宏
8C6E,鸿
8C6F,弘
8C70,讧
8C71,后
8C72,厚
8C73,吼
8C74,喉
8C75,候
8C76,湖
8C77,户
8C78,呼
8C79,虎
8C7A,壶
8C7B,互
8C7C,胡
8C7D,护
8C7E,糊
8C80,弧
8C81,忽
8C82,狐
8C83,蝴
8C84,乎
8C85,核
8C86,唬
8C87,囫
8C88,惚
8C89,话
8C8A,花
8C8B,化
8C8C,画
8C8D,华
8C8E,划
8C8F,滑
8C90,猾
8C91,桦
8C92,坏
8C93,怀
8C94,徊
8C95,换
8C96,还
8C97,唤
8C98,环
8C99,患
8C9A,缓
8C9B,欢
8C9C,幻
8C9D,焕
8C9E,桓
8C9F,寰
8CA0,黄
8CA1,慌
8CA2,晃
8CA3,荒
8CA4,簧
8CA5,凰
8CA6,皇
8CA7,谎
8CA8,惶
8CA9,恍
8CAA,煌
8CAB,幌
8CAC,潢
8CAD,回
8CAE,灰
8CAF,绘
8CB0,挥
8CB1,汇
8CB2,辉
8CB3,毁
8CB4,悔
8CB5,惠
8CB6,晦
8CB7,徽
8CB8,恢
8CB9,秽
8CBA,慧
8CBB,讳
8CBC,彗
8CBD,麾
8CBE,诙
8CBF,荟
8CC0,桧
8CC1,混
8CC2,昏
8CC3,荤
8CC4,浑
8CC5,婚
8CC6,魂
8CC7,或
8CC8,活
8CC9,火
8CCA,伙
8CCB,货
8CCC,和
8CCD,获
8CCE,豁
8CCF,霍
8CD0,惑
8CD1,嚯
8CD2,几
8CD3,及
8CD4,急
8CD5,既
8CD6,即
8CD7,机
8CD8,鸡
8CD9,积
8CDA,记
8CDB,级
8CDC,极
8CDD,计
8CDE,挤
8CDF,己
8CE0,季
8CE1,寄
8CE2,纪
8CE3,基
8CE4,激
8CE5,吉
8CE6,脊
8CE7,际
8CE8,肌
8CE9,嫉
8CEA,姬
8CEB,绩
8CEC,饥
8CED,迹
8CEE,棘
8CEF,技
8CF0,冀
8CF1,辑
8CF2,祭
8CF3,剂
8CF4,济
8CF5,籍
8CF6,寂
8CF7,忌
8CF8,继
8CF9,集
8CFA,给
8CFB,击
8CFC,圾
8D40,箕
8D41,讥
8D42,疾
8D43,戟
8D44,矶
8D45,跻
8D46,畿
8D47,羁
8D48,岌
8D49,家
8D4A,加
8D4B,假
8D4C,价
8D4D,架
8D4E,甲
8D4F,佳
8D50,夹
8D51,嘉
8D52,驾
8D53,颊
8D54,稼
8D55,贾
8D56,迦
8D57,岬
8D58,见
8D59,件
8D5A,减
8D5B,尖
8D5C,间
8D5D,键
8D5E,肩
8D5F,兼
8D60,建
8D61,检
8D62,箭
8D63,简
8D64,监
8D65,坚
8D66,奸
8D67,健
8D68,艰
8D69,荐
8D6A,剑
8D6B,渐
8D6C,鉴
8D6D,践
8D6E,捡
8D6F,俭
8D70,舰
8D71,缄
8D72,谏
8D73,腱
8D74,菅
8D75,将
8D76,讲
8D77,江
8D78,奖
8D79,浆
8D7A,僵
8D7B,酱
8D7C,疆
8D7D,匠
8D7E,虹
8D80,叫
8D81,交
8D82,教
8D83,较
8D84,缴
8D85,焦
8D86,胶
8D87,娇
8D88,搅
8D89,骄
8D8A,狡
8D8B,浇
8D8C,矫
8D8D,蕉
8D8E,鲛
8D8F,接
8D90,节
8D91,街
8D92,借
8D93,皆
8D94,截
8D95,界
8D96,结
8D97,届
8D98,姐
8D99,揭
8D9A,戒
8D9B,介
8D9C,阶
8D9D,芥
8D9E,竭
8D9F,洁
8DA0,藉
8DA1,杰
8DA2,捷
8DA3,睫
8DA4,诘
8DA5,进
8DA6,近
8DA7,今
8DA8,仅
8DA9,紧
8DAA,金
8DAB,尽
8DAC,禁
8DAD,浸
8DAE,锦
8DAF,晋
8DB0,筋
8DB1,津
8DB2,谨
8DB3,巾
8DB4,襟
8DB5,竟
8DB6,静
8DB7,井
8DB8,惊
8DB9,经
8DBA,镜
8DBB,京
8DBC,净
8DBD,敬
8DBE,精
8DBF,景
8DC0,警
8DC1,竞
8DC2,境
8DC3,径
8DC4,晶
8DC5,鲸
8DC6,颈
8DC7,兢
8DC8,睛
8DC9,劲
8DCA,靖
8DCB,阱
8DCC,窘
8DCD,就
8DCE,九
8DCF,酒
8DD0,旧
8DD1,久
8DD2,揪
8DD3,救
8DD4,纠
8DD5,究
8DD6,韭
8DD7,臼
8DD8,玖
8DD9,咎
8DDA,疚
8DDB,鹫
8DDC,鸠
8DDD,句
8DDE,举
8DDF,巨
8DE0,局
8DE1,具
8DE2,距
8DE3,锯
8DE4,剧
8DE5,居
8DE6,聚
8DE7,拘
8DE8,菊
8DE9,矩
8DEA,沮
8DEB,拒
8DEC,惧
8DED,鞠
8DEE,狙
8DEF,驹
8DF0,据
8DF1,俱
8DF2,车
8DF3,裾
8DF4,橘
8DF5,卷
8DF6,倦
8DF7,捐
8DF8,决
8DF9,绝
8DFA,觉
8DFB,角
8DFC,爵
8E40,掘
8E41,诀
8E42,抉
8E43,脚
8E44,蕨
8E45,军
8E46,君
8E47,均
8E48,菌
8E49,俊
8E4A,峻
8E4B,骏
8E4C,钧
8E4D,郡
8E4E,喀
8E4F,咖
8E50,开
8E51,凯
8E52,慨
8E53,看
8E54,砍
8E55,堪
8E56,刊
8E57,坎
8E58,勘
8E59,抗
8E5A,扛
8E5B,糠
8E5C,康
8E5D,靠
8E5E,考
8E5F,烤
8E60,尻
8E61,可
8E62,克
8E63,科
8E64,颗
8E65,刻
8E66,课
8E67,客
8E68,渴
8E69,苛
8E6A,柯
8E6B,磕
8E6C,咳
8E6D,呵
8E6E,珂
8E6F,肯
8E70,恳
8E71,坑
8E72,空
8E73,孔
8E74,控
8E75,恐
8E76,口
8E77,扣
8E78,抠
8E79,叩
8E7A,哭
8E7B,库
8E7C,苦
8E7D,枯
8E7E,裤
8E80,酷
8E81,堀
8E82,跨
8E83,垮
8E84,夸
8E85,快
8E86,块
8E87,会
8E88,宽
8E89,款
8E8A,狂
8E8B,框
8E8C,况
8E8D,匡
8E8E,纩
8E8F,亏
8E90,愧
8E91,奎
8E92,窥
8E93,溃
8E94,葵
8E95,魁
8E96,馈
8E97,盔
8E98,傀
8E99,篑
8E9A,蝰
8E9B,捆
8E9C,困
8E9D,昆
8E9E,坤
8E9F,阔
8EA0,扩
8EA1,括
8EA2,廓
8EA3,拉
8EA4,啦
8EA5,腊
8EA6,垃
8EA7,来
8EA8,赖
8EA9,莱
8EAA,濑
8EAB,籁
8EAC,睐
8EAD,蓝
8EAE,兰
8EAF,拦
8EB0,篮
8EB1,懒
8EB2,栏
8EB3,揽
8EB4,滥
8EB5,婪
8EB6,澜
8EB7,览
8EB8,榄
8EB9,岚
8EBA,浪
8EBB,狼
8EBC,郎
8EBD,朗
8EBE,琅
8EBF,螂
8EC0,老
8EC1,牢
8EC2,劳
8EC3,类
8EC4,累
8EC5,泪
8EC6,雷
8EC7,垒
8EC8,勒
8EC9,擂
8ECA,蕾
8ECB,儡
8ECC,羸
8ECD,嘞
8ECE,冷
8ECF,里
8ED0,离
8ED1,力
8ED2,立
8ED3,李
8ED4,例
8ED5,哩
8ED6,理
8ED7,利
8ED8,梨
8ED9,厘
8EDA,礼
8EDB,历
8EDC,丽
8EDD,莉
8EDE,荔
8EDF,狸
8EE0,粒
8EE1,隶
8EE2,栗
8EE3,璃
8EE4,鲤
8EE5,厉
8EE6,励
8EE7,黎
8EE8,笠
8EE9,砺
8EEA,戾
8EEB,喱
8EEC,雳
8EED,连
8EEE,联
8EEF,练
8EF0,莲
8EF1,恋
8EF2,脸
8EF3,炼
8EF4,链
8EF5,怜
8EF6,廉
8EF7,镰
8EF8,两
8EF9,亮
8EFA,辆
8EFB,凉
8EFC,粮
8F40,梁
8F41,量
8F42,良
8F43,谅
8F44,俩
8F45,椋
8F46,了
8F47,料
8F48,聊
8F49,撂
8F4A,疗
8F4B,辽
8F4C,僚
8F4D,寥
8F4E,列
8F4F,裂
8F50,猎
8F51,劣
8F52,烈
8F53,咧
8F54,鬣
8F55,冽
8F56,林
8F57,临
8F58,淋
8F59,邻
8F5A,鳞
8F5B,赁
8F5C,吝
8F5D,琳
8F5E,凛
8F5F,躏
8F60,另
8F61,令
8F62,领
8F63,零
8F64,铃
8F65,玲
8F66,灵
8F67,岭
8F68,龄
8F69,凌
8F6A,菱
8F6B,棱
8F6C,绫
8F6D,聆
8F6E,流
8F6F,留
8F70,刘
8F71,柳
8F72,溜
8F73,瘤
8F74,琉
8F75,浏
8F76,龙
8F77,拢
8F78,笼
8F79,聋
8F7A,隆
8F7B,咙
8F7C,楼
8F7D,漏
8F7E,娄
8F80,喽
8F81,路
8F82,露
8F83,录
8F84,鹿
8F85,陆
8F86,炉
8F87,卢
8F88,鲁
8F89,卤
8F8A,芦
8F8B,碌
8F8C,禄
8F8D,六
8F8E,乱
8F8F,栾
8F90,论
8F91,轮
8F92,伦
8F93,沦
8F94,仑
8F95,纶
8F96,囵
8F97,落
8F98,罗
8F99,锣
8F9A,萝
8F9B,洛
8F9C,逻
8F9D,络
8F9E,咯
8F9F,绿
8FA0,铝
8FA1,旅
8FA2,屡
8FA3,吕
8FA4,律
8FA5,缕
8FA6,虑
8FA7,履
8FA8,略
8FA9,吗
8FAA,妈
8FAB,马
8FAC,嘛
8FAD,麻
8FAE,码
8FAF,玛
8FB0,买
8FB1,卖
8FB2,迈
8FB3,麦
8FB4,霾
8FB5,满
8FB6,慢
8FB7,瞒
8FB8,漫
8FB9,蛮
8FBA,曼
8FBB,埋
8FBC,忙
8FBD,芒
8FBE,盲
8FBF,莽
8FC0,茫
8FC1,毛
8FC2,冒
8FC3,帽
8FC4,猫
8FC5,貌
8FC6,茂
8FC7,贸
8FC8,茅
8FC9,昴
8FCA,么
8FCB,每
8FCC,煤
8FCD,美
8FCE,妹
8FCF,枚
8FD0,霉
8FD1,玫
8FD2,眉
8FD3,梅
8FD4,寐
8FD5,昧
8FD6,媒
8FD7,媚
8FD8,魅
8FD9,门
8FDA,们
8FDB,闷
8FDC,扪
8FDD,猛
8FDE,梦
8FDF,蒙
8FE0,盟
8FE1,萌
8FE2,蜢
8FE3,虻
8FE4,米
8FE5,密
8FE6,迷
8FE7,蜜
8FE8,谜
8FE9,秘
8FEA,弥
8FEB,靡
8FEC,弭
8FED,面
8FEE,棉
8FEF,免
8FF0,绵
8FF1,眠
8FF2,勉
8FF3,冕
8FF4,秒
8FF5,苗
8FF6,妙
8FF7,瞄
8FF8,灭
8FF9,蔑
8FFA,民
8FFB,敏
8FFC,名
9040,明
9041,命
9042,鸣
9043,铭
9044,冥
9045,谬
9046,摸
9047,磨
9048,抹
9049,末
904A,膜
904B,墨
904C,没
904D,莫
904E,默
904F,魔
9050,摩
9051,漠
9052,陌
9053,脉
9054,沫
9055,寞
9056,某
9057,谋
9058,缪
9059,木
905A,母
905B,幕
905C,目
905D,牧
905E,牟
905F,模
9060,穆
9061,暮
9062,牡
9063,募
9064,慕
9065,睦
9066,姆
9067,沐
9068,那
9069,拿
906A,纳
906B,呐
906C,捺
906D,乃
906E,耐
906F,奶
9070,奈
9071,难
9072,南
9073,男
9074,楠
9075,囊
9076,闹
9077,脑
9078,恼
9079,瑙
907A,哪
907B,内
907C,馁
907D,嫩
907E,能
9080,嗯
9081,你
9082,泥
9083,拟
9084,腻
9085,逆
9086,呢
9087,溺
9088,尼
9089,昵
908A,祢
908B,年
908C,念
908D,廿
908E,黏
908F,鲇
9090,娘
9091,酿
9092,鸟
9093,捏
9094,孽
9095,涅
9096,您
9097,凝
9098,宁
9099,牛
909A,扭
909B,纽
909C,钮
909D,拗
909E,弄
909F,浓
90A0,农
90A1,侬
90A2,怒
90A3,努
90A4,奴
90A5,暖
90A6,挪
90A7,诺
90A8,懦
90A9,糯
90AA,娜
90AB,女
90AC,虐
90AD,哦
90AE,噢
90AF,偶
90B0,欧
90B1,怕
90B2,爬
90B3,啪
90B4,帕
90B5,琶
90B6,派
90B7,排
90B8,拍
90B9,牌
90BA,徘
90BB,湃
90BC,俳
90BD,盘
90BE,盼
90BF,判
90C0,攀
90C1,畔
90C2,潘
90C3,叛
90C4,番
90C5,拚
90C6,旁
90C7,胖
90C8,庞
90C9,彷
90CA,螃
90CB,跑
90CC,抛
90CD,炮
90CE,泡
90CF,袍
90D0,陪
90D1,配
90D2,赔
90D3,佩
90D4,培
90D5,沛
90D6,喷
90D7,碰
90D8,捧
90D9,棚
90DA,砰
90DB,蓬
90DC,朋
90DD,彭
90DE,鹏
90DF,澎
90E0,篷
90E1,批
90E2,皮
90E3,披
90E4,匹
90E5,屁
90E6,脾
90E7,疲
90E8,霹
90E9,琵
90EA,毗
90EB,啤
90EC,譬
90ED,否
90EE,癖
90EF,片
90F0,篇
90F1,骗
90F2,偏
90F3,便
90F4,扁
90F5,票
90F6,飘
90F7,漂
90F8,瓢
90F9,品
90FA,贫
90FB,聘
90FC,拼
9140,频
9141,平
9142,凭
9143,瓶
9144,评
9145,屏
9146,苹
9147,坪
9148,冯
9149,破
914A,坡
914B,颇
914C,婆
914D,迫
914E,泊
914F,魄
9150,繁
9151,粕
9152,叵
9153,珀
9154,剖
9155,扑
9156,铺
9157,谱
9158,脯
9159,仆
915A,蒲
915B,葡
915C,朴
915D,曝
915E,浦
915F,堡
9160,普
9161,暴
9162,噗
9163,匍
9164,璞
9165,起
9166,其
9167,七
9168,气
9169,期
916A,齐
916B,器
916C,妻
916D,骑
916E,汽
916F,棋
9170,欺
9171,漆
9172,启
9173,戚
9174,岂
9175,弃
9176,泣
9177,祁
9178,凄
9179,企
917A,乞
917B,契
917C,歧
917D,祈
917E,栖
9180,崎
9181,稽
9182,缉
9183,旗
9184,岐
9185,琪
9186,琦
9187,耆
9188,恰
9189,卡
918A,洽
918B,前
918C,钱
918D,千
918E,牵
918F,浅
9190,签
9191,欠
9192,迁
9193,谦
9194,潜
9195,歉
9196,遣
9197,赶
9198,强
9199,枪
919A,墙
919B,抢
919C,腔
919D,呛
919E,蔷
919F,桥
91A0,瞧
91A1,敲
91A2,巧
91A3,翘
91A4,壳
91A5,撬
91A6,悄
91A7,窍
91A8,乔
91A9,缲
91AA,诮
91AB,搞
91AC,切
91AD,且
91AE,怯
91AF,茄
91B0,惬
91B1,伽
91B2,琴
91B3,侵
91B4,勤
91B5,寝
91B6,秦
91B7,钦
91B8,请
91B9,轻
91BA,清
91BB,青
91BC,情
91BD,晴
91BE,倾
91BF,庆
91C0,擎
91C1,亲
91C2,蜻
91C3,罄
91C4,穷
91C5,琼
91C6,求
91C7,球
91C8,秋
91C9,丘
91CA,仇
91CB,酋
91CC,龟
91CD,裘
91CE,糗
91CF,去
91D0,取
91D1,区
91D2,渠
91D3,曲
91D4,趋
91D5,趣
91D6,屈
91D7,驱
91D8,躯
91D9,全
91DA,权
91DB,劝
91DC,圈
91DD,拳
91DE,犬
91DF,泉
91E0,痊
91E1,却
91E2,缺
91E3,确
91E4,雀
91E5,群
91E6,染
91E7,燃
91E8,然
91E9,苒
91EA,让
91EB,壤
91EC,穰
91ED,饶
91EE,绕
91EF,扰
91F0,热
91F1,惹
91F2,喏
91F3,人
91F4,任
91F5,忍
91F6,认
91F7,刃
91F8,仁
91F9,韧
91FA,壬
91FB,荏
91FC,稔
9240,仍
9241,扔
9242,日
9243,容
9244,绒
9245,融
9246,荣
9247,戎
9248,肉
9249,柔
924A,蹂
924B,如
924C,入
924D,儒
924E,茹
924F,乳
9250,辱
9251,软
9252,瑞
9253,锐
9254,睿
9255,润
9256,若
9257,弱
9258,撒
9259,洒
925A,萨
925B,腮
925C,赛
925D,三
925E,散
925F,伞
9260,叁
9261,桑
9262,丧
9263,嗓
9264,扫
9265,搔
9266,骚
9267,涩
9268,瑟
9269,塞
926A,啬
926B,森
926C,僧
926D,杀
926E,沙
926F,啥
9270,纱
9271,傻
9272,砂
9273,煞
9274,鲨
9275,晒
9276,筛
9277,色
9278,山
9279,闪
927A,衫
927B,善
927C,杉
927D,删
927E,煽
9280,单
9281,掺
9282,苫
9283,膳
9284,擅
9285,缮
9286,禅
9287,上
9288,伤
9289,尚
928A,商
928B,赏
928C,少
928D,烧
928E,哨
928F,稍
9290,邵
9291,绍
9292,社
9293,射
9294,蛇
9295,设
9296,舌
9297,摄
9298,舍
9299,涉
929A,慑
929B,奢
929C,谁
929D,身
929E,伸
929F,深
92A0,神
92A1,甚
92A2,渗
92A3,审
92A4,申
92A5,绅
92A6,参
92A7,慎
92A8,声
92A9,剩
92AA,生
92AB,升
92AC,绳
92AD,胜
92AE,盛
92AF,圣
92B0,甥
92B1,牲
92B2,乘
92B3,是
92B4,使
92B5,十
92B6,时
92B7,事
92B8,室
92B9,市
92BA,石
92BB,师
92BC,试
92BD,史
92BE,式
92BF,矢
92C0,拾
92C1,驶
92C2,始
92C3,示
92C4,士
92C5,世
92C6,柿
92C7,匙
92C8,拭
92C9,誓
92CA,逝
92CB,势
92CC,什
92CD,嗜
92CE,失
92CF,适
92D0,仕
92D1,侍
92D2,释
92D3,饰
92D4,氏
92D5,狮
92D6,食
92D7,恃
92D8,视
92D9,实
92DA,施
92DB,湿
92DC,诗
92DD,尸
92DE,手
92DF,受
92E0,收
92E1,首
92E2,守
92E3,瘦
92E4,授
92E5,兽
92E6,售
92E7,寿
92E8,狩
92E9,书
92EA,树
92EB,熟
92EC,输
92ED,叔
92EE,束
92EF,述
92F0,蜀
92F1,鼠
92F2,蔬
92F3,疏
92F4,竖
92F5,恕
92F6,枢
92F7,暑
92F8,殊
92F9,曙
92FA,署
92FB,舒
92FC,刷
9340,耍
9341,摔
9342,甩
9343,率
9344,帅
9345,衰
9346,拴
9347,闩
9348,双
9349,霜
934A,爽
934B,泷
934C,水
934D,睡
934E,税
934F,顺
9350,瞬
9351,数
9352,烁
9353,四
9354,死
9355,丝
9356,撕
9357,似
9358,私
9359,嘶
935A,思
935B,寺
935C,司
935D,斯
935E,伺
935F,肆
9360,饲
9361,嗣
9362,巳
9363,厮
9364,送
9365,松
9366,耸
9367,宋
9368,颂
9369,怂
936A,悚
936B,嵩
936C,搜
936D,薮
936E,素
936F,速
9370,诉
9371,塑
9372,俗
9373,苏
9374,肃
9375,粟
9376,溯
9377,夙
9378,酸
9379,算
937A,蒜
937B,岁
937C,随
937D,碎
937E,虽
9380,穗
9381,尿
9382,髓
9383,隧
9384,孙
9385,损
9386,笋
9387,隼
9388,所
9389,缩
938A,锁
938B,索
938C,梭
938D,莎
938E,唆
938F,嗦
9390,他
9391,她
9392,它
9393,踏
9394,塔
9395,蹋
9396,沓
9397,太
9398,抬
9399,台
939A,态
939B,胎
939C,苔
939D,泰
939E,汰
939F,谈
93A0,叹
93A1,探
93A2,滩
93A3,弹
93A4,碳
93A5,摊
93A6,潭
93A7,贪
93A8,坛
93A9,毯
93AA,坦
93AB,炭
93AC,袒
93AD,昙
93AE,忐
93AF,趟
93B0,堂
93B1,糖
93B2,汤
93B3,唐
93B4,膛
93B5,螳
93B6,套
93B7,掏
93B8,逃
93B9,桃
93BA,讨
93BB,淘
93BC,涛
93BD,陶
93BE,萄
93BF,韬
93C0,叨
93C1,特
93C2,忑
93C3,疼
93C4,腾
93C5,藤
93C6,滕
93C7,提
93C8,替
93C9,体
93CA,题
93CB,踢
93CC,剃
93CD,剔
93CE,梯
93CF,涕
93D0,嚏
93D1,天
93D2,田
93D3,添
93D4,填
93D5,甜
93D6,条
93D7,跳
93D8,挑
93D9,调
93DA,眺
93DB,铁
93DC,贴
93DD,听
93DE,停
93DF,挺
93E0,厅
93E1,艇
93E2,庭
93E3,廷
93E4,汀
93E5,蜓
93E6,同
93E7,通
93E8,痛
93E9,铜
93EA,桶
93EB,筒
93EC,统
93ED,童
93EE,桐
93EF,瞳
93F0,头
93F1,偷
93F2,透
93F3,投
93F4,土
93F5,图
93F6,兔
93F7,涂
93F8,吐
93F9,秃
93FA,突
93FB,徒
93FC,凸
9440,途
9441,屠
9442,团
9443,腿
9444,推
9445,退
9446,蜕
9447,吞
9448,囤
9449,拖
944A,脱
944B,托
944C,妥
944D,拓
944E,陀
944F,挖
9450,瓦
9451,蛙
9452,哇
9453,洼
9454,袜
9455,外
9456,歪
9457,完
9458,万
9459,晚
945A,玩
945B,弯
945C,挽
945D,湾
945E,丸
945F,腕
9460,宛
9461,婉
9462,顽
9463,豌
9464,蔓
9465,望
9466,忘
9467,王
9468,往
9469,网
946A,亡
946B,旺
946C,汪
946D,妄
946E,为
946F,位
9470,未
9471,围
9472,喂
9473,胃
9474,微
9475,味
9476,威
9477,伟
9478,卫
9479,危
947A,违
947B,委
947C,魏
947D,唯
947E,维
9480,畏
9481,韦
9482,谓
9483,慰
9484,萎
9485,苇
9486,隈
9487,玮
9488,帷
9489,猬
948A,薇
948B,问
948C,文
948D,闻
948E,稳
948F,温
9490,吻
9491,纹
9492,翁
9493,我
9494,握
9495,窝
9496,卧
9497,沃
9498,斡
9499,喔
949A,渥
949B,无
949C,五
949D,屋
949E,物
949F,舞
94A0,雾
94A1,误
94A2,污
94A3,悟
94A4,勿
94A5,武
94A6,务
94A7,呜
94A8,伍
94A9,吴
94AA,午
94AB,侮
94AC,乌
94AD,毋
94AE,恶
94AF,芜
94B0,巫
94B1,梧
94B2,兀
94B3,唔
94B4,骛
94B5,鹜
94B6,鹉
94B7,西
94B8,细
94B9,吸
94BA,戏
94BB,系
94BC,喜
94BD,席
94BE,稀
94BF,锡
94C0,膝
94C1,息
94C2,袭
94C3,惜
94C4,习
94C5,嘻
94C6,夕
94C7,悉
94C8,希
94C9,牺
94CA,晰
94CB,烯
94CC,析
94CD,隙
94CE,汐
94CF,犀
94D0,曦
94D1,舄
94D2,下
94D3,吓
94D4,夏
94D5,峡
94D6,虾
94D7,瞎
94D8,霞
94D9,狭
94DA,暇
94DB,遐
94DC,瑕
94DD,先
94DE,线
94DF,县
94E0,现
94E1,显
94E2,掀
94E3,闲
94E4,献
94E5,嫌
94E6,陷
94E7,险
94E8,鲜
94E9,弦
94EA,衔
94EB,馅
94EC,限
94ED,仙
94EE,贤
94EF,纤
94F0,宪
94F1,羡
94F2,娴
94F3,洗
94F4,想
94F5,向
94F6,象
94F7,项
94F8,响
94F9,香
94FA,乡
94FB,相
94FC,像
9540,箱
9541,巷
9542,享
9543,降
9544,翔
9545,祥
9546,橡
9547,详
9548,湘
9549,飨
954A,小
954B,笑
954C,消
954D,销
954E,萧
954F,效
9550,晓
9551,肖
9552,孝
9553,霄
9554,嚣
9555,校
9556,筱
9557,潇
9558,写
9559,些
955A,鞋
955B,歇
955C,斜
955D,谢
955E,卸
955F,蟹
9560,泻
9561,懈
9562,泄
9563,协
9564,械
9565,谐
9566,蝎
9567,携
9568,胁
9569,解
956A,燮
956B,新
956C,心
956D,欣
956E,信
956F,芯
9570,薪
9571,辛
9572,衅
9573,性
9574,行
9575,型
9576,形
9577,星
9578,醒
9579,姓
957A,杏
957B,兴
957C,幸
957D,惺
957E,省
9580,胸
9581,雄
9582,凶
9583,兄
9584,熊
9585,汹
9586,匈
9587,修
9588,锈
9589,绣
958A,休
958B,羞
958C,宿
958D,嗅
958E,袖
958F,秀
9590,朽
9591,许
9592,须
9593,需
9594,虚
9595,嘘
9596,蓄
9597,续
9598,序
9599,叙
959A,畜
959B,徐
959C,旭
959D,绪
959E,恤
959F,选
95A0,悬
95A1,旋
95A2,玄
95A3,宣
95A4,轩
95A5,券
95A6,暄
95A7,炫
95A8,学
95A9,雪
95AA,血
95AB,靴
95AC,穴
95AD,削
95AE,谑
95AF,寻
95B0,讯
95B1,熏
95B2,训
95B3,循
95B4,旬
95B5,巡
95B6,迅
95B7,驯
95B8,逊
95B9,勋
95BA,询
95BB,薰
95BC,呀
95BD,压
95BE,牙
95BF,押
95C0,芽
95C1,鸭
95C2,崖
95C3,亚
95C4,涯
95C5,雅
95C6,鸦
95C7,讶
95C8,娅
95C9,眼
95CA,烟
95CB,沿
95CC,盐
95CD,言
95CE,演
95CF,严
95D0,淹
95D1,炎
95D2,掩
95D3,厌
95D4,宴
95D5,岩
95D6,研
95D7,延
95D8,堰
95D9,验
95DA,彦
95DB,焰
95DC,衍
95DD,燕
95DE,颜
95DF,阎
95E0,焉
95E1,奄
95E2,檐
95E3,俨
95E4,妍
95E5,样
95E6,养
95E7,洋
95E8,仰
95E9,扬
95EA,氧
95EB,痒
95EC,杨
95ED,阳
95EE,央
95EF,佯
95F0,要
95F1,摇
95F2,药
95F3,咬
95F4,腰
95F5,邀
95F6,妖
95F7,遥
95F8,耀
95F9,尧
95FA,侥
95FB,铫
95FC,也
9640,夜
9641,业
9642,野
9643,叶
9644,爷
9645,页
9646,液
9647,冶
9648,耶
9649,咽
964A,曳
964B,邪
964C,一
964D,以
964E,已
964F,亿
9650,衣
9651,移
9652,依
9653,易
9654,医
9655,乙
9656,仪
9657,亦
9658,椅
9659,益
965A,翼
965B,译
965C,伊
965D,遗
965E,艾
965F,疑
9660,宜
9661,异
9662,壹
9663,蚁
9664,谊
9665,揖
9666,矣
9667,艺
9668,抑
9669,邑
966A,屹
966B,尾
966C,役
966D,逸
966E,意
966F,毅
9670,忆
9671,义
9672,夷
9673,溢
9674,议
9675,驿
9676,熠
9677,咦
9678,刈
9679,奇
967A,因
967B,引
967C,印
967D,银
967E,音
9680,饮
9681,阴
9682,隐
9683,荫
9684,尹
9685,寅
9686,茵
9687,淫
9688,应
9689,硬
968A,影
968B,营
968C,迎
968D,映
968E,蝇
968F,赢
9690,鹰
9691,英
9692,颖
9693,樱
9694,鹦
9695,瑛
9696,哟
9697,唷
9698,用
9699,涌
969A,永
969B,拥
969C,蛹
969D,勇
969E,泳
969F,佣
96A0,踊
96A1,庸
96A2,有
96A3,又
96A4,由
96A5,右
96A6,油
96A7,游
96A8,幼
96A9,优
96AA,友
96AB,忧
96AC,尤
96AD,犹
96AE,诱
96AF,悠
96B0,邮
96B1,佑
96B2,鱿
96B3,柚
96B4,侑
96B5,与
96B6,于
96B7,欲
96B8,鱼
96B9,雨
96BA,余
96BB,遇
96BC,语
96BD,愈
96BE,狱
96BF,玉
96C0,渔
96C1,予
96C2,誉
96C3,育
96C4,愚
96C5,羽
96C6,虞
96C7,娱
96C8,舆
96C9,禹
96CA,宇
96CB,迂
96CC,域
96CD,郁
96CE,吁
96CF,喻
96D0,御
96D1,愉
96D2,隅
96D3,浴
96D4,寓
96D5,裕
96D6,预
96D7,豫
96D8,驭
96D9,蔚
96DA,俣
96DB,吾
96DC,远
96DD,元
96DE,院
96DF,圆
96E0,原
96E1,愿
96E2,园
96E3,援
96E4,猿
96E5,怨
96E6,冤
96E7,源
96E8,缘
96E9,袁
96EA,渊
96EB,垣
96EC,媛
96ED,月
96EE,越
96EF,约
96F0,跃
96F1,阅
96F2,乐
96F3,岳
96F4,悦
96F5,说
96F6,钥
96F7,云
96F8,运
96F9,允
96FA,孕
96FB,蕴
96FC,酝
9740,员
9741,芸
9742,杂
9743,砸
9744,匝
9745,咂
9746,在
9747,再
9748,灾
9749,载
974A,栽
974B,宰
974C,哉
974D,咱
974E,暂
974F,攒
9750,赞
9751,拶
9752,脏
9753,葬
9754,藏
9755,早
9756,造
9757,遭
9758,糟
9759,燥
975A,枣
975B,躁
975C,皂
975D,噪
975E,澡
975F,则
9760,责
9761,泽
9762,啧
9763,贼
9764,怎
9765,增
9766,赠
9767,憎
9768,曾
9769,扎
976A,炸
976B,渣
976C,闸
976D,眨
976E,榨
976F,诈
9770,札
9771,查
9772,栅
9773,咋
9774,喋
9775,摘
9776,窄
9777,债
9778,斋
9779,寨
977A,择
977B,宅
977C,站
977D,占
977E,战
9780,沾
9781,粘
9782,展
9783,栈
9784,詹
9785,湛
9786,绽
9787,斩
9788,崭
9789,瞻
978A,张
978B,章
978C,长
978D,帐
978E,仗
978F,丈
9790,掌
9791,涨
9792,账
9793,彰
9794,障
9795,找
9796,照
9797,招
9798,罩
9799,兆
979A,朝
979B,昭
979C,沼
979D,肇
979E,召
979F,赵
97A0,这
97A1,者
97A2,折
97A3,遮
97A4,哲
97A5,辙
97A6,磔
97A7,真
97A8,阵
97A9,镇
97AA,针
97AB,震
97AC,枕
97AD,振
97AE,斟
97AF,珍
97B0,诊
97B1,甄
97B2,臻
97B3,贞
97B4,祯
97B5,榛
97B6,正
97B7,整
97B8,睁
97B9,争
97BA,挣
97BB,征
97BC,证
97BD,症
97BE,郑
97BF,拯
97C0,蒸
97C1,政
97C2,铮
97C3,鲭
97C4,只
97C5,之
97C6,直
97C7,知
97C8,制
97C9,指
97CA,纸
97CB,支
97CC,芝
97CD,枝
97CE,稚
97CF,蜘
97D0,质
97D1,脂
97D2,汁
97D3,织
97D4,职
97D5,植
97D6,抵
97D7,殖
97D8,执
97D9,值
97DA,址
97DB,滞
97DC,止
97DD,趾
97DE,治
97DF,旨
97E0,志
97E1,挚
97E2,掷
97E3,至
97E4,致
97E5,置
97E6,帜
97E7,识
97E8,智
97E9,秩
97EA,蛭
97EB,祗
97EC,踬
97ED,埴
97EE,栉
97EF,中
97F0,重
97F1,种
97F2,钟
97F3,众
97F4,终
97F5,忠
97F6,仲
97F7,衷
97F8,冢
97F9,周
97FA,洲
97FB,皱
97FC,州
9840,轴
9841,舟
9842,昼
9843,宙
9844,肘
9845,帚
9846,咒
9847,住
9848,主
9849,猪
984A,竹
984B,筑
984C,著
984D,铸
984E,嘱
984F,注
9850,祝
9851,驻
9852,属
9853,术
9854,珠
9855,瞩
9856,蛛
9857,朱
9858,柱
9859,诸
985A,逐
985B,助
985C,潴
985D,洙
985E,竺
985F,抓
9860,爪
9861,拽
9862,转
9863,专
9864,赚
9865,传
9866,装
9867,撞
9868,庄
9869,壮
986A,桩
986B,状
986C,妆
986D,追
986E,坠
986F,缀
9870,赘
9871,椎
9872,准
9873,捉
9874,桌
9875,着
9876,拙
9877,卓
9878,酌
9879,字
987A,自
987B,子
987C,紫
987D,资
987E,姿
9880,仔
9881,兹
9882,咨
9883,滋
9884,梓
9885,姊
9886,总
9887,纵
9888,宗
9889,棕
988A,综
988B,踪
988C,走
988D,奏
988E,邹
988F,诹
9890,组
9891,族
9892,足
9893,阻
9894,租
9895,祖
9896,卒
9897,钻
9898,最
9899,嘴
989A,醉
989B,罪
989C,尊
989D,遵
989E,樽
989F,做
98A0,作
98A1,坐
98A2,左
98A3,座
98A4,昨
98A5,琢
98A6,撮
98A7,佐
98A8,畑
98A9,蛯
98AA,萩
98AB,梶
98AC,榎
98AD,纮
98AE,払
98AF,辻
98B0,樋
98B1,籾
98B2,円
98B3,楢
98B4,笹
98B5,梼
98B6,槙
98B7,畠
98B8,桝
98B9,滉
98BA,榊
98BB,樫
98BC,咲
98BD,栃
98BE,瑳
98BF,狛
98C0,纟
98C1,騨
98C2,畷
98C3,橿
98C4,桯
98C5,—
98C6,β
98C7,鰤
98C8,枠
98C9,①
98CA,②
98CB,③
98CC,④
98CD,躹
98CE,呯
98CF,込
98D0,ü
98D1,í
98D2,é
98D3,è
98D4,乾
98D5,盈
98D6,俅
98D7,尉
98D8,坞
98D9,膀
98DA,飓
98DB,鼬
98DC,娃
98DD,衙
98DE,惇
98DF,