4E20,青木 薫
4E21,近藤 研十
4E22,石井 信義
4E23,石田 義定
4E24,桑島 隆史
4E25,上木 栄吉
4E26,植田 圭次
4E27,大隈 清也
4E28,毛塚 伊佐夫
4E29,塚田 勘佑
4E2A,河野 一寿
4E2B,織田 道三
4E2C,風間 太郎丸
4E2D,釜田 修二
4E2E,刈谷 治樹
4E2F,神戸 要冶
4E30,小池 永治
4E31,川本 亮介
4E32,菊池 良夫
4E33,岸井 靖典
4E34,志岐 哲多
4E35,末吉 光
4E36,高坂 禅
4E37,小峰 弘雅
4E38,後藤 清竜
4E39,塚本 裕蔵
4E3A,長岡 道雄
4E3B,甲村 斉
4E3C,国府田 昌彦
4E3D,戸池 正輝
4E3E,小磯 林
4E3F,三船 鉄郎
4E40,磯貝 春貴
4E41,小林 昇
4E42,森永 孝一郎
4E43,横池 拳
4E44,郡司 昭利
4E45,紅林 初郎
4E46,石倉 厳
4E47,越前 和人
4E48,小谷 英斗
4E49,関本 隆士
4E4A,石本 正嗣
4E4B,藤城 寿
4E4C,土橋 昌史
4E4D,喜志田 勝
4E4E,池谷 太一
4E4F,大倉 努
4E50,江崎 篤
4E51,旭川 昌人
4E52,松下 隆一
4E53,伊手 通久
4E54,岡村 真琴
4E55,倉間 久雄
4E56,長塚 徹夫
4E57,天野 誠哉
4E58,谷野 由正
4E59,岸本 雅之
4E5A,松長 秀樹
4E5B,鈴元 政也
4E5C,柳本 正秋
4E5D,森本 信一
4E5E,紺野 敦司
4E5F,松戸 良行
4E60,和智 春雄
4E61,菊谷 志信
4E62,瀬野 徹
4E63,加納 修一
4E64,武本 一夫
4E65,仲村 裕介
4E66,松戸 博
4E67,大森 英志
4E68,富士 隆行
4E69,今東 和人
4E6A,木邑 孝彦
4E6B,月元 一哉
4E6C,景山 雅彦
4E6D,河東 昌一
4E6E,北島 真
4E6F,蔵森 博
4E70,東海 毅
4E71,管野 明将
4E72,大月 一司
4E73,佐倉 友
4E74,柵田 悟
4E75,谷屋 裕樹
4E76,伊田 勝満
4E77,吉良 弘三
4E78,北田 勇喜
4E79,仲田 浩司
4E7A,手塚 彰夫
4E7B,山戸 一市
4E7C,松居 清孝
4E7D,土崎 功一
4E7E,大城 武士
4E7F,鈴木 一
4E80,坂木 健太
4E81,鈴木 参太
4E82,平岡 宏人
4E83,西本 明広
4E84,戸塚 祐次
4E85,武里 威
4E86,村中 茂一
4E87,大倉 裕斗
4E88,添嶋 隆士
4E89,草持 克広
4E8A,浜戸 和輝
4E8B,末長 智康
4E8C,大林 真司
4E8D,古賀 一志
4E8E,鈴木 仁
4E8F,長井 和吉
4E90,鈴木 四郎
4E91,美浦 修也
4E92,鈴木 五留亜
4E93,高瀬 和人
4E94,新沼 貞彦
4E95,峯 忠俊
4E96,松嵜 高司
4E97,若杉 龍哉
4E98,安中 貴志
4E99,越沢 英男
4E9A,柳 直彦
4E9B,高城 昭人
4E9C,吉田 秀俊
4E9D,三田 正行
4E9E,磯畑 荒生
4E9F,田畑 真人
4EA0,佐東 清昌
4EA1,監物 正良
4EA2,尾花 光司
4EA3,井上 宏和
4EA4,辰橋 力
4EA5,大木 敬一
4EA6,園田 勝汰
4EA7,時田 宏章
4EA8,磯野 義明
4EA9,柳沢 正伸
4EAA,藤原 信雄
4EAB,前田 充
4EAC,登橋 功
4EAD,三戸 憲太
4EAE,新居 貴志
4EAF,倉井 直人
4EB0,川野 信夫
4EB1,富山 修
4EB2,木浦 鉄
4EB3,西東 智徳
4EB4,大崎英男
4EB5,細野 ニ三
4EB6,邑 春平
4EB7,今西 晃男
4EB8,野村 吉人
4EB9,太田 貴志
4EBA,兵藤 達夫
4EBB,小泉 繁則
4EBC,中山 涼
4EBD,石毛 利夫
4EBE,麻野 孝司
4EBF,菊池 高則
4EC0,山中 徹夫
4EC1,上山 和己
4EC2,守景 智仁
4EC3,三神 政市
4EC4,植野 健
4EC5,夕田 一哉
4EC6,大月 市郎
4EC7,太田 功男
4EC8,山元 靖紘
4EC9,束田 勝巳
4ECA,横埼 啓
4ECB,岸田 清彦
4ECC,真田 笛
4ECD,正田 哲
4ECE,山門 英明
4ECF,片桐 三樹
4ED0,布 二朗
4ED1,戸倉 誠
4ED2,関本 勇
4ED3,仲野 昌二
4ED4,夏本 栄一
4ED5,板倉 勝利
4ED6,小倉 正宣
4ED7,宮嵜 伊三郎
4ED8,伊谷 俊和
4ED9,市升 忠文
4EDA,一 進歩
4EDB,酒田 和人
4EDC,曽根山 英弘
4EDD,市原 治久
4EDE,牧瀬 七郎
4EDF,市村 勧
4EE0,氷室 九四
4EE1,瀬河 勝典
4EE2,戸河 喜久男
4EE3,持田 金次郎
4EE4,七瀬 学人
4EE5,猪又 昭一
4EE6,土居 清英
4EE7,井手 政太郎
4EE8,一色 昇
4EE9,次藤 博
4EEA,千川 明登
4EEB,最上 松吉
4EEC,乾 翔一
4EED,長居 勝太
4EEE,流川 俊次
4EEF,東戸 健吉
4EF0,宗原 敏章
4EF1,今泉 剣
4EF2,府内 浩行
4EF3,霜間 嵐
4EF4,江崎 良人
4EF5,晴海 広信
4EF6,岩井 正好
4EF7,矢倉 勇雄
4EF8,磐崎 清司
4EF9,仲尾 敏章
4EFA,植末 洋
4EFB,眞田 正一
4EFC,上野 庸介
4EFD,潮 元輝
4EFE,昭島 智明
4EFF,上杉 尚喜
4F00,村松 北斗
4F01,松屋 星明
4F02,末上 光影
4F03,鈴山 雷徒
4F04,氏家 亨
4F05,白取 典孝
4F06,臼井 勇生
4F07,宇田川 友気
4F08,内海 旭秀
4F09,内藤 晶博
4F0A,野瀬 一郎
4F0B,鈴木 八次郎
4F0C,崎山 秀志
4F0D,梅松 信貴
4F0E,花沢 吉雄
4F0F,丸藤 栄進
4F10,宇那矢 金彦
4F11,米河 昌義
4F12,梅林寺 鉄吾
4F13,寺井 啓道
4F14,江森 満彦
4F15,御崎 大地
4F16,須本 典之
4F17,越後 淳隆
4F18,剣崎 五木
4F19,海沢 宣彦
4F1A,倉吉 春輔
4F1B,及川 保蔵
4F1C,柳沼 卓磨
4F1D,廣井 直富
4F1E,大神 威一郎
4F1F,大石 陸城
4F20,追木 智孝
4F21,末江 友隆
4F22,久賀 信長
4F23,大河原 健太
4F24,大里 光輝
4F25,沢 博俊
4F26,大島 基晴
4F27,仲嶋 英登
4F28,大森 啓一
4F29,森末 浩伸
4F2A,戸山 彩三
4F2B,沼田 幸太郎
4F2C,沖 太陽
4F2D,美浦 小太郎
4F2E,興津 俊憲
4F2F,荻野 夢憲
4F30,奥 大樹
4F31,小松原 信三
4F32,小渕 陽夫
4F33,落合 周一郎
4F34,秋津 瀧
4F35,音川 鶴太郎
4F36,寺林 一茶
4F37,谷川 和則
4F38,日笠 澄人
4F39,親川 孝
4F3A,風見 益夫
4F3B,芝田 一成
4F3C,倉木 多々男
4F3D,島園 勝二
4F3E,韮崎 康二
4F3F,春 寛人
4F40,春日部 孝道
4F41,片梨 良彦
4F42,若野 靖史
4F43,桂 長造
4F44,松浦 光陽
4F45,新藤 隆紀
4F46,奈倉 誠二
4F47,富田 三吾
4F48,家門 守
4F49,猪狩谷 貫一
4F4A,氷野 貴宣
4F4B,向日田 欣司
4F4C,菅 政伸
4F4D,笹塚 忠生
4F4E,田神 伸一
4F4F,照谷 一夫
4F50,神野 流
4F51,菊田 悟
4F52,津川 邦雄
4F53,隅田 信正
4F54,美甘 朝人
4F55,岸本 正高
4F56,南山 透
4F57,仲根 豊
4F58,加賀山 晋
4F59,芝田 大輔
4F5A,粟野 邦夫
4F5B,石原 孝司
4F5C,芳野 勇三
4F5D,茂山 良平
4F5E,多賀 修三
4F5F,浦沢 敦志
4F60,関 貴靖
4F61,上村 純二
4F62,漆原 秀明
4F63,荘司 真一
4F64,坂上 裕道
4F65,関野 俊彦
4F66,長山 博明
4F67,成田 一真
4F68,中里 康信
4F69,樫山 弘志
4F6A,小松田 彰
4F6B,田島 洋平
4F6C,住田 良之
4F6D,篠塚 直広
4F6E,瀧山 文雄
4F6F,北条 健治
4F70,和泉 憲満
4F71,熊田 昌弘
4F72,新沼 秀三
4F73,倉持 尚幸
4F74,袖山 穣
4F75,稲垣 亮
4F76,本広 幸治
4F77,北林 義則
4F78,有賀 恭一
4F79,小野 貴志
4F7A,児島 紀明
4F7B,久住 聡一
4F7C,杉江 健太郎
4F7D,笹山 英治
4F7E,三井 範生
4F7F,大貫 博司
4F80,笹井 陽一
4F81,串野 俊光
4F82,茂野 康正
4F83,影山 道行
4F84,桑名 謙三
4F85,岩永 智博
4F86,千種 真介
4F87,荻山 国雄
4F88,久本 恵
4F89,米沢 謙介
4F8A,安西 範生
4F8B,風祭 敏雄
4F8C,黒谷 啓介
4F8D,小井土 隆
4F8E,代田 正文
4F8F,朝倉 英信
4F90,島津 守
4F91,小谷 武士
4F92,饗庭 淳一
4F93,戸越 三郎
4F94,長森 通
4F95,今山 正史
4F96,黒岩 元則
4F97,福池 晃
4F98,財部 郁男
4F99,浅山 忠
4F9A,荒田 徹也
4F9B,新井 貞晴
4F9C,飯星 充利
4F9D,石野 茂
4F9E,香西 利明
4F9F,塚越 直也
4FA0,林田 明夫
4FA1,富沢 大介
4FA2,西浦 宏英
4FA3,和田 茂弘
4FA4,田辺 孝之
4FA5,愛本 英之
4FA6,草薙 渉
4FA7,原 康一郎
4FA8,平畠 栄一
4FA9,玉野 成光
4FAA,阿川 忠俊
4FAB,天田 充洋
4FAC,海老川 允
4FAD,権田 博
4FAE,刈谷 肇
4FAF,永幡 秀敏
4FB0,畑腰 敏信
4FB1,菊山 治夫
4FB2,桑山 昌史
4FB3,嵯峨 勝徳
4FB4,助川 孝典
4FB5,池尻 哲也
4FB6,佐野 康幸
4FB7,北田 雅之
4FB8,附田 博之
4FB9,前野 務
4FBA,沖永 五郎
4FBB,高見 宗一
4FBC,倉元 孝治
4FBD,江田 彰
4FBE,里見 健一
4FBF,松平 幸紀
4FC0,黒住 直人
4FC1,向井 忠広
4FC2,小田島 正二
4FC3,梅川 晋介
4FC4,谷池 康行
4FC5,天田 宣之
4FC6,田岡 忠彦
4FC7,千代田 昇
4FC8,二村 朋之
4FC9,森 清二
4FCA,池本 拓也
4FCB,岡部 昇
4FCC,森川 義昌
4FCD,秦野 朋之
4FCE,寺内 実
4FCF,皆川 紀康
4FD0,辻原 信男
4FD1,内池 隆志
4FD2,小長井 哲
4FD3,川相 憲司
4FD4,小高 秀道
4FD5,草刈 敏信
4FD6,関本 将士
4FD7,樫野 純一
4FD8,添田 幸成
4FD9,上月 誠人
4FDA,牧村 洋三
4FDB,富樫 陽生
4FDC,狩野 拓弥
4FDD,塩原 明宏
4FDE,姫島 智弘
4FDF,笹野 隆司
4FE0,篠宮 貴行
4FE1,末次 秀彦
4FE2,寺本 伸義
4FE3,保住 直樹
4FE4,波多 信弘
4FE5,志摩 幸一郎
4FE6,志井 哲生
4FE7,南部 俊也
4FE8,甲本 重勝
4FE9,井関 道男
4FEA,笠木 章
4FEB,島村 陽一
4FEC,近田 武徳
4FED,人見 勇一郎
4FEE,花谷 宏忠
4FEF,降幡 泰久
4FF0,竹園 文隆
4FF1,津野 俊輔
4FF2,井草 満男
4FF3,中森 幸次
4FF4,神前 利文
4FF5,綿貫 秀定
4FF6,葛西 満
4FF7,下田 嘉男
4FF8,相田 一男
4FF9,飯倉 経男
4FFA,久田 康太郎
4FFB,石本 敬二
4FFC,大塚 義信
4FFD,和久井 充
4FFE,麻生 学
4FFF,伍代 圭一
5000,日向 善郎
5001,林 次郎
5002,小塚 正晴
5003,市田 芳雄
5004,鍋田 達彦
5005,小西 琢也
5006,君島 正樹
5007,瀧本 茂
5008,西本 宏紀
5009,峯山 隆弘
500A,東山 雅夫
500B,北谷 政雄
500C,税所 栄一
500D,三田村 博昭
500E,笠間 幸忠
500F,矢口 友信
5010,渋谷 達三
5011,高城 龍二
5012,仲本 浩徳
5013,星川 輝之
5014,鍛治山 慎
5015,重田 武男
5016,瀬田 浩一
5017,寺井 康幸
5018,野平 正道
5019,雨宮 幸裕
501A,藤元 浩
501B,北野 恭平
501C,坂川 直俊
501D,山橋 益雄
501E,府山 忠彦
501F,松村 義行
5020,綾部 正樹
5021,夏目 俊治
5022,緒川 佳史
5023,谷村 恒男
5024,伊山 陽三
5025,谷上 浩二
5026,日高 満男
5027,増園 忠之
5028,渥見 実
5029,日下部 徹也
502A,細田 邦彦
502B,向山 春憲
502C,安達 昌平
502D,早乙女 亨
502E,久野 浩二
502F,坪内 清司
5030,杉野 悟
5031,立花 進
5032,坂野 幸一
5033,津田 泰明
5034,植草 周平
5035,奥本 誠也
5036,末森 尚
5037,猪口 厚
5038,松戸 文昭
5039,佃 信太郎
503A,近江 隆一
503B,篠原 孝治
503C,初富 正雄
503D,長畑 義和
503E,河田 博
503F,榛原 徹
5040,木田 学
5041,横堀 秀人
5042,丹野 克信
5043,塩川 敏行
5044,開田 健介
5045,塚田 晃一
5046,波野 祥一
5047,早坂 八郎
5048,溝口 祐一
5049,柴田 智文
504A,花山 健太郎
504B,森住 孝
504C,大竹 雅浩
504D,品田 正和
504E,榊 洋一郎
504F,生田 勝
5050,船田 晴男
5051,生方 誠一
5052,辺見 安重
5053,蓮田 信雄
5054,藤村 直輝
5055,高安 重雄
5056,武井 輝彦
5057,岡山 秀人
5058,林場 則人
5059,芝草 康史
505A,家持 勝信
505B,古城 幸次郎
505C,波越 雅則
505D,氷室 暢忠
505E,赤星 泰男
505F,城田 泰昭
5060,船渡 渉
5061,柄本 次郎
5062,鍵本 鉄男
5063,原中 孝雄
5064,小日向 礼二
5065,金山 敏生
5066,曽我部 稔
5067,沼尻 泰人
5068,楠木 貞和
5069,村田 重政
506A,中畑 忠泰
506B,沖津 正彦
506C,星 祐一郎
506D,久留米 透
506E,大田 典正
506F,山添 康則
5070,鬼束 義成
5071,宮園 幸正
5072,小鹿 邦夫
5073,宇野辺 亨
5074,神保 章
5075,室町 武幸
5076,米山 正人
5077,斉田 純男
5078,黒川 孝
5079,桜庭 敏則
507A,飯田 信義
507B,高見沢 孝
507C,寺田 貴之
507D,石山 宗一
507E,島森 修二
507F,菅野 典弘
5080,森野 浩次
5081,山国 健三
5082,草間 直彦
5083,大杉 雅彦
5084,佐竹 大
5085,木戸 英輔
5086,村中 淳
5087,金森 匡史
5088,斉木 重徳
5089,塩谷 良明
508A,野上 宏昌
508B,千葉 隆正
508C,足立 浩正
508D,衣笠 博道
508E,藤山 智也
508F,辰田 昭夫
5090,松尾 洋次郎
5091,窪谷 亨
5092,深町 清春
5093,岩村 聡一
5094,菅井 佳彦
5095,倉田 一鉄
5096,島原 士朗
5097,椎木 哲男
5098,三宮 紀正
5099,酒折 俊夫
509A,渋川 直哉
509B,石堂 恒
509C,前畑 徹郎
509D,滝上 智樹
509E,市川 晶
509F,小柳 純男
50A0,梶田 稔
50A1,高嶋 光博
50A2,宮林 幸則
50A3,藁谷 栄一
50A4,磯山 俊太
50A5,綿山 耕一
50A6,越智 継夫
50A7,鳥井 正志
50A8,嶋 文一郎
50A9,古瀬 浩行
50AA,赤川 義武
50AB,豊崎 継正
50AC,光井 純二
50AD,露木 康二
50AE,沖本 幸平
50AF,小堺 良光
50B0,豊川 忠生
50B1,小笹 康彦
50B2,細江 秀明
50B3,高戸 郁夫
50B4,下島 和政
50B5,中川 良夫
50B6,瀬口 輝政
50B7,宍倉 敏久
50B8,三浦 尚哉
50B9,滝野 文雄
50BA,有沢 栄
50BB,白谷 保敏
50BC,三園 栄治
50BD,佐原 公雄
50BE,国安 久雄
50BF,高砂 守康
50C0,川向 文昌
50C1,山寺 啓二
50C2,横森 忠
50C3,木内 恵三
50C4,土居 幸一郎
50C5,中根 俊太
50C6,砂原 誠二
50C7,平田 幸次郎
50C8,尾上 弘忠
50C9,久米 義正
50CA,辻村 紀靖
50CB,大関 忠敏
50CC,滝田 牧男
50CD,富川 康義
50CE,町田 恭二
50CF,古田 則夫
50D0,新田 真吾
50D1,山岸 正嗣
50D2,岩井 誠二
50D3,西岡 敏生
50D4,佐伯 正吉
50D5,今田 正輝
50D6,三次 泰正
50D7,荒川 輝信
50D8,飯尾 峻
50D9,榎木田 隆
50DA,柳瀬 公康
50DB,蛭田 敏正
50DC,佐田 靖史
50DD,江本 寛継
50DE,富士川 正幸
50DF,石倉 秀平
50E0,桐田 裕輔
50E1,勝田 昇
50E2,染山 道雄
50E3,岩上 正吉
50E4,浪越 継敏
50E5,加勢 充明
50E6,前中 清司
50E7,江守 勝男
50E8,神沢 耕一
50E9,細村 敏正
50EA,樋山 敏明
50EB,田沢 晋介
50EC,三輪 康明
50ED,浅田 拓郎
50EE,粟生 友哉
50EF,横井 尚人
50F0,大平 輝明
50F1,草山 宗太
50F2,須賀 雅史
50F3,永野 亮介
50F4,片平 充則
50F5,真下 幸夫
50F6,若田 利博
50F7,ｱｰﾃﾞﾝ
50F8,ｱｶｽﾀ
50F9,ｱｽｶﾘ
50FA,ｱﾎﾞﾌｶｰﾄ
50FB,ｽﾀﾌﾞﾘｯﾂ
50FC,ｱﾙｶﾞﾈｽ
50FD,ｱﾙｶﾙ
50FE,ｱﾝｸﾗｯﾃｨ
50FF,ｱﾝﾀﾘｵ
5100,ｱﾝﾄﾆｵ
5101,ｱﾝﾌｧｰﾙ
5102,ｲｪﾉｲ
5103,ｲﾀﾞﾚｺﾞ
5104,ｳﾞｲｴ
5105,ｴｽﾋﾟｱ
5106,ｴﾗｵﾉｽ
5107,ｴﾘｴｯﾃｨ
5108,ﾏｰｼｬﾙﾛ
5109,ｴﾝﾘｺ
510A,ｵﾌﾀｽ
510B,ｵﾌﾞﾗｲｱﾝ
510C,ｵﾗｲﾘｰ
510D,ｵﾘﾍﾞｲﾙ
510E,ｶｰﾛｲｽ
510F,ｶｶｽｶ
5110,ｶﾞｼｰﾚ
5111,J.ﾌｧﾝﾃﾞｽ
5112,ｶﾑｰﾁｮ
5113,ﾋﾟｽｸﾙ
5114,ﾄﾞﾝﾒﾙ
5115,ｶﾞﾝｻﾞﾛｽ
5116,ｷﾞ･ﾚｰ
5117,ｷﾞｱﾝﾁ
5118,ﾌｧﾝﾊﾞｲｸ
5119,ｷﾞｴﾙｻ
511A,ｷｯﾂﾍﾞﾙﾄ
511B,ｷﾑ･ﾕﾝｻｸ
511C,ｷﾞﾗﾙﾄﾞ
511D,ｸｴﾘｮ
511E,ｸﾞﾅﾌﾞﾙｽ
511F,ﾌｫｯﾃﾞ･ﾀｰﾝ
5120,ｸﾗﾋﾞｽ
5121,ｸﾗﾒﾝﾃ
5122,ｸﾞﾘｰﾝｹﾞｲﾄ
5123,ﾇｰｽ
5124,ｸﾙﾊﾟｳ
5125,ｸﾞﾚｰﾑ
5126,ｹﾞｱﾍﾞﾙ
5127,ｹｲﾀﾞﾛｽ
5128,ｹｰﾊﾙﾄ
5129,ｹｰﾍﾟﾙ
512A,ｹｯｾ
512B,ｹﾂﾈﾝ
512C,ｹﾆｯｼｬｰ
512D,ﾍﾝﾃ
512E,ｹﾙｼｬｰ
512F,ｹﾞﾙﾀﾞﾝ
5130,ｹﾙﾁｬ
5131,ｺｯﾍﾙ
5132,ｻﾞｰｲﾌﾞ
5133,ｻﾞｶﾞﾘｵ
5134,ｻﾞｸｾﾝ
5135,ｻﾞｯｸﾗｰﾆ
5136,ｻｯｹﾙ
5137,ｻｯﾄﾝ
5138,ｻﾊﾞｽ
5139,ｻﾗﾃﾞｨﾝ
513A,ｻﾗﾑﾝﾄﾞ
513B,ｻﾝﾃｨｰﾆ
513C,ｻﾝﾄﾞﾏ
513D,ｻﾝﾎｾ
513E,ｼｪｰﾙ
513F,ｼﾞｮｰｲ
5140,ﾖｰﾝ
5141,ｳﾞｫﾝ･ｽﾃﾙ
5142,ｼﾑｰﾆ
5143,ｼﾓｰﾚｽ
5144,ｼﾞｬﾌｧｰﾙ
5145,ﾎﾞｯﾁｭ
5146,ﾌｨｰﾙ
5147,ｼﾞｭﾘｵﾚｰﾉ
5148,ｼﾞｮｰｼﾞｱ
5149,ｼﾞｮｹ
514A,ｼﾞｮｾﾞ
514B,ｼﾘｽｶ
514C,ｽｹﾗ
514D,ｽｺｯﾄﾝ
514E,ｽﾀｰﾑ
514F,ｽﾊﾟﾛｯﾃｨ
5150,ｽﾗﾏｰ
5151,ﾍﾟｯｼｭ
5152,ｾﾞﾙﾍﾞﾙｶﾞｰ
5153,ｾﾚｽｶ
5154,ｿﾞｰﾏﾝ
5155,ｿｰﾗﾙｽ
5156,ﾀｳﾝｾﾞﾝﾄ
5157,ﾀｼｮｯｸ
5158,ﾁｬﾝ･ﾔｵｽﾝ
5159,ﾛﾝﾃﾞｹﾞｽ
515A,ﾃﾞｨｱｼﾞｰﾉ
515B,ﾃﾞｨｴﾌﾟ
515C,ﾃﾞｨｻﾞﾘｵ
515D,ﾋﾞｰﾌﾟ
515E,ﾃﾞｽﾞﾆﾘ
515F,ﾃﾊﾞﾚｽ
5160,ﾃﾞﾑｽｰﾘ
5161,ﾃﾞｭｰｶﾞ
5162,H.ﾌｧﾝﾃﾞｽ
5163,ﾃﾞﾗｸｾｲｽﾞ
5164,ﾚﾄﾞ
5165,ﾃﾚﾝｺﾌ
5166,ﾄﾞｲﾑ
5167,ｼﾞｮｶﾛﾝ
5168,ｼﾞｮｯｸ
5169,ﾄﾑｼｴ
516A,ﾄﾗｯﾃｨｰﾆ
516B,ﾆｶﾘｵｰﾙ
516C,ﾈﾙｼﾉﾌ
516D,ﾊﾞ･ﾖﾊﾝｾﾝ
516E,ﾊﾞｰﾄﾝ
516F,ﾊﾞｰﾝ
5170,ﾓﾝﾃﾞｽ
5171,ﾊﾞｳﾃｰﾙ
5172,ﾁｭｯﾀ
5173,ｶﾍﾟｰﾙ
5174,ﾊﾞｽｺﾌ
5175,ﾊｾｯｸ
5176,ﾊﾞﾁｬﾏﾝﾃ
5177,ﾎﾟｰﾀ
5178,ﾊﾟﾄﾘｴｽﾞ
5179,ﾊﾄﾞﾙ
517A,ﾊﾊﾞﾈﾂ
517B,ﾊﾗﾐﾉﾌ
517C,ﾊﾘｽｺ
517D,ｼｪﾙｼｪﾗｲﾝ
517E,ﾊﾞﾙﾃﾞﾝ
517F,ﾊﾟﾙﾐﾃﾞｽ
5180,ﾊﾞﾝｸﾞﾙ
5181,ｻﾞﾝﾌｧｰﾙ
5182,ﾋﾞｱﾙｻﾞｯﾄ
5183,ﾋﾞｰﾝﾊﾞｯｶｰ
5184,ﾋﾟｴﾆﾁｬｸ
5185,ﾋﾟｴﾙﾙｲｼﾞ
5186,ﾋﾞﾗｶｽ
5187,ﾋﾟﾚｲﾗ
5188,ﾌｧｰｸﾞｿﾝ
5189,ﾗﾝﾘ
518A,ﾌﾞｰﾗﾝ
518B,ﾌｰﾘｯﾋ
518C,ﾌｪﾘｰﾅ
518D,ﾌｪﾙｽﾅｰ
518E,ﾌｪﾙﾃﾞｨﾅﾝﾄﾞ
518F,ﾌｪﾙﾐﾅｽ
5190,ﾊﾗｷﾘｯﾁ
5191,ﾌﾃﾞｨﾝｸﾞ
5192,ﾌﾗﾝｺ
5193,ﾊﾞｼﾞｬﾚｽｷ
5194,ﾌﾞﾛｰﾆﾝｸﾞ
5195,ﾍｱﾘｯﾋ
5196,ﾋﾟｯﾃｨｰﾆ
5197,ﾍｰｹﾝｽ
5198,ﾍﾞｶﾞｽﾀｰ
5199,ﾍｼﾞｿﾝ
519A,ﾍﾞﾃﾞﾛｰﾆ
519B,ﾍﾟﾃﾞﾛﾋﾞｯﾁ
519C,ﾍﾈﾊﾞｲﾗｰ
519D,ﾍﾘｸｿﾝ
519E,ﾍﾞﾘﾘｰﾆ
519F,ﾍﾞﾙｺﾞｽｹ
51A0,ﾎﾞｱﾝｷ
51A1,ﾎﾞｳﾔｰｽ
51A2,ﾎﾞｽﾋﾞｰ
51A3,ﾎﾞﾀﾞﾝｶﾞ
51A4,ﾎﾟﾈﾌ
51A5,ﾎﾙﾋｽ
51A6,ﾏｰﾙ
51A7,ﾏｸｰﾗ
51A8,ﾏｯﾀｰﾈ
51A9,ﾏﾃ
51AA,ｱﾀﾞﾇｽﾄ
51AB,ｼﾞｮｰｼﾞ
51AC,ﾏﾙｸｽ
51AD,ﾏﾙｺ
51AE,ﾏﾙﾃｨｰﾆｮｽ
51AF,ﾐｯｷｰ･ﾗｳ
51B0,ﾎﾟｰﾄﾙ
51B1,ﾏﾙﾝ
51B2,ﾏﾚｱｰﾆ
51B3,ﾄｩｰﾗｽ
51B4,ﾐｸﾚｽ
51B5,ﾌｨﾝｸｽ
51B6,ﾐｯﾃﾙ
51B7,ﾌｧﾝｷｰﾙ
51B8,ﾑｻｶ
51B9,ﾑﾊﾏﾄﾞ
51BA,ﾒﾆﾘﾃｨ
51BB,ﾒﾘｽｰﾄﾞ
51BC,ﾓｰﾘｴｽ
51BD,ﾓﾂﾗﾅ
51BE,ﾓﾃﾞｨﾘｱｰﾆ
51BF,ﾃｨﾑｽﾞ
51C0,ﾔﾙﾀﾞｽｸ
51C1,ﾗｲﾊｰｸﾞﾙ
51C2,ﾗｼｪﾝﾋﾞｰｺﾞ
51C3,ﾗﾍﾞｯｸ
51C4,ﾗﾏﾝﾁｪﾌ
51C5,ﾗﾒｰﾙ
51C6,ﾗﾝｾﾙ
51C7,ﾘｰ･ｺｳｼｭﾝ
51C8,ﾘｳﾞｪﾙﾀﾞ
51C9,ﾘｸﾚﾙｸ
51CA,ﾘｼｬｰﾙ
51CB,ｼｪﾙｽﾀ
51CC,ﾘﾈｯﾃｨ
51CD,ﾊﾝﾁ
51CE,ﾗｲｸﾏﾝ
51CF,ﾙｻｶ
51D0,ﾙﾄﾞﾅｯﾌﾟ
51D1,ｴﾃｩﾘ
51D2,ﾚｯﾋﾟ
51D3,ﾚﾏﾝﾃﾞｽ
51D4,ﾛﾁｪｽｸ
51D5,ﾛﾋﾞﾉﾌｽｷｰ
51D6,ﾎﾞﾌﾞｾﾝ
51D7,ﾛﾝﾊﾞﾙﾃﾞｨ
51D8,ﾜﾄｿﾝ
51D9,ｲﾊﾞﾁｪｯﾁ
51DA,ﾔﾝｽ
51DB,ｽﾃﾌｫｽ
51DC,ﾉｰﾊﾞｲﾄ
51DD,ｼｬｰﾝ
51DE,ﾌﾞｼｯﾁ
51DF,ﾏﾃｩｶﾞ
51E0,ﾊﾟｸﾄ
51E1,ﾎﾞﾌ
51E2,ﾗﾔｰ
51E3,ﾏﾝｲﾔｰ
51E4,ﾔｲｶﾞｰ
51E5,ﾍﾞﾛｼｭ
51E6,ﾛﾝﾊﾞﾙﾄﾞ 東郷
51E7,ﾏｹﾞｯﾁ
51E8,ﾗﾝｸｯｸ
51E9,ﾒｰﾗﾏﾝ
51EA,ﾉｲﾗ
51EB,ﾚｷﾞｭｴﾝ
51EC,ｼﾞｭﾚｰﾙ
51ED,ﾋﾟｭｴﾘ
51EE,ﾎﾞｰﾝ
51EF,ﾎﾞﾝﾊﾞ
51F0,ｱｳﾘﾝ
51F1,ｷﾞﾗﾝﾌﾞﾙ
51F2,ﾊﾟﾗﾝ
51F3,ｱﾗﾝｺｽ
51F4,ｷﾞﾘｰ
51F5,ﾍﾞﾝｼﾞｪﾙ
51F6,ﾒﾙｼﾞ
51F7,ﾎｯｼﾞｽ
51F8,ﾄﾆｰ
51F9,ﾄﾆｵ
51FA,ﾛﾝ
51FB,ﾏﾙｷｭｽ
51FC,ｲﾉﾏ
51FD,ﾗﾝｻﾞｽ
51FE,ｾﾞﾐﾝﾋﾞｯﾁ
51FF,ﾍﾟﾙｶ
5200,ﾍﾞﾙﾃﾞｯｸ
5201,ﾙﾝｸﾞｹﾞﾘ
5202,ｼｪﾅｰ
5203,ﾛｲｽ
5204,ﾌﾞﾝﾛｰ
5205,ﾛｰﾋﾞﾝ
5206,ﾌﾚｵ
5207,ｺﾞｼﾞｬｯｸ
5208,ﾁｮ･ｳｴﾝ
5209,ﾌｫﾝｸﾞ
520A,ﾏｻﾞｯﾋﾟ
520B,ﾛﾝﾀ
520C,ｽｴｼｵ
520D,ｼﾞｬﾝｿﾝ
520E,ｶｰｸﾞﾝﾃﾞ
520F,ﾒﾝﾁｭ
5210,ｱﾝｼﾞｭ
5211,ﾌｨﾘｯﾌﾟ
5212,ﾊｰﾅｰ
5213,ｱﾄﾞﾘｯﾋ
5214,ｼﾞｭﾝｽ
5215,ﾉｯﾂ
5216,ｱﾚﾝ
5217,C.ﾏﾙﾃｨﾆ
5218,ﾏｯｼｰ
5219,ｼｭﾝﾍﾞﾙ
521A,ｱﾙｷﾞﾚ
521B,ｾｲｼﾞ
521C,ﾉﾝ
521D,ﾚﾝｽ
521E,ｷﾞｭﾏﾝｽ
521F,ｼｪﾙﾌ
5220,ｼﾞｭｯﾁ
5221,ﾀﾞﾘｵﾝ･ｺﾈｽ
5222,ｴﾙｹﾞﾝ
5223,ｱﾌﾟｰ
5224,ｸﾞﾝﾃﾞﾋﾞｵ
5225,ｽﾔﾌ
5226,ｶｯﾀﾈｽ
5227,ｱｼﾞｬﾊﾝ
5228,ﾏﾝﾄ
5229,ﾚﾝｴﾘ
522A,ﾚﾝﾀﾞｰ
522B,ﾃｨｰﾅ
522C,ｿﾈｽ
522D,ﾄﾗﾝｶ
522E,ﾏｰｸﾚﾝ
522F,ﾙｼｪﾙ
5230,ｶﾝｼｭﾘ
5231,ｲｽﾞﾓ
5232,ﾏｱｰﾀﾞﾝｽ
5233,ﾌﾞﾗｺｲﾝ
5234,ﾘﾝﾄ
5235,ﾒｸﾞﾐﾝ
5236,ﾌﾞﾙｰﾄ
5237,ﾃﾞﾈﾙ
5238,ｹﾞｲﾄﾞﾝ
5239,ｷｬｽﾐ
523A,ﾊﾞｯｿｰﾘ
523B,ﾌﾞﾝﾃﾞﾘ
523C,ｶﾓﾚﾙ
523D,ｱｺﾞｽﾃﾙ
523E,ｱﾝｸﾞｽﾄ
523F,ﾄﾞﾝﾐｯｼ
5240,ﾃﾞｨﾊﾞｰｼﾞｮ
5241,ﾏﾃｨﾝ
5242,ﾊﾞﾙﾃﾞｰﾙ
5243,ﾊﾞﾝﾃｨｽ
5244,ｲﾚﾙﾀﾞ
5245,ﾛﾝﾃﾞｨｰﾉ
5246,V.ﾌｧﾝﾃﾞｽ
5247,ﾏﾚ
5248,ｶﾝﾊﾞﾛ
5249,ｲｯｸ
524A,ﾛﾝﾍﾟ
524B,ｹｽﾍﾟｽ
524C,ﾓﾝﾃ
524D,ﾄﾞﾝｴ
524E,ﾃﾞﾗﾏﾝｽ
524F,ﾆｮﾓｽ
5250,ﾛﾝﾏｰﾉ
5251,ﾌﾞﾚｼﾝﾄ
5252,ｱﾙｶﾄ
5253,ﾒﾗﾄｯﾌﾟ
5254,ｺｰﾙﾓｽ
5255,ﾗｽﾃｯｸ
5256,ｶｰﾄ
5257,ﾊﾞﾙﾄﾞｰﾙ
5258,ﾍｯｹﾙ
5259,ﾎﾞｰｸﾞﾏﾝ
525A,ﾎﾞﾙﾏﾝ
525B,ﾘﾝｹﾙ
525C,ｱﾝ･ﾎﾝｼﾞｭﾝ
525D,ﾁｮﾝ･ﾜﾝｼﾞｪ
525E,ﾜﾝ･ﾁｪﾝﾎﾞﾝ
525F,ﾁｪﾝ･ﾎﾝｽﾝ
5260,ｼｸﾞﾍﾞﾙﾄﾞｼｮﾝ
5261,ﾎﾟﾉﾓﾌ
5262,ﾄﾞﾒﾗｯﾘ
5263,ｽｷﾙﾃﾝ
5264,ﾈﾙｾﾝ
5265,ﾊﾜｰｽﾞ
5266,ｺﾉｼｳﾞｨｯﾁ
5267,ﾋﾟﾆｮｽ
5268,ﾊﾟﾚﾏｯﾁ
5269,ﾀﾞﾎﾞﾝｽｷｰ
526A,ﾏﾙｸﾛｲ
526B,ﾁｬﾝﾄﾞｽ
526C,ﾗｾﾞｰﾊﾞ
526D,ﾍﾞﾙﾏｲﾔｰ
526E,ｸﾙﾅｰ
526F,ﾎﾞﾙﾄ
5270,ｱﾄﾞﾒﾛ
5271,ｸﾊﾞﾈﾌ
5272,ﾖﾊﾈﾝｾﾝ
5273,ｸﾞﾗﾆ
5274,ﾏﾛﾈﾝ
5275,ﾏﾙﾃﾞｨﾉﾌ
5276,ﾏﾛｲｴﾌ
5277,ｽﾏｲﾛﾌ
5278,ﾐﾙｶﾉﾌｽｷ
5279,ｽﾊﾟﾝｿﾝ
527A,ﾐｭﾙﾃﾞｨﾉｯﾁ
527B,ｽﾀﾝｺﾌ
527C,ﾍﾞﾙﾁｳｽ
527D,ﾙｸｿﾙ
527E,ｾﾒﾝｴｽ
527F,ｶﾞﾙﾁｮ
5280,ﾊﾟｽﾄﾘｵ
5281,ｵﾘﾍﾞ
5282,ﾍﾞｸﾞｱﾙ
5283,ﾗｼｳｽ
5284,ﾎﾟﾙﾃｽ
5285,ｵﾘﾋﾞｽ
5286,ﾏﾗﾃﾞｽ
5287,ｴﾄﾞﾜﾝ
5288,ﾄﾞｩｯﾄﾙ
5289,ﾍﾘｰﾅ
528A,ﾀﾞｯｸﾞﾊﾞﾙ
528B,ﾀﾘﾚﾑ
528C,ｳﾘﾍﾞｪｯｷｵ
528D,ｶｳﾞｧﾚｰﾗ
528E,ｶﾓﾘｴﾆ
528F,ﾌｧﾌﾞﾘｰﾉ
5290,ﾊﾞｸﾞﾘｰ
5291,ｸﾞﾗﾍﾞﾙ
5292,ﾌﾞﾚｲﾝ
5293,ｳｫﾙﾑｽ
5294,ｽﾀﾝﾘｰ
5295,ﾌｫﾙﾃｨﾝ
5296,ｺﾞﾚｰﾛ
5297,ﾛｺｰﾆｮ
5298,ｶﾌﾟﾘﾅｽ
5299,ﾒﾚﾅ
529A,ﾘｭｯｸﾍﾞﾙ
529B,ﾘｰｹﾞﾝ
529C,ﾓﾗﾝﾄ
529D,ﾊﾟｸﾞﾄﾞﾌ
529E,ﾄﾞﾈﾂｸ
529F,ﾌｫﾝﾃｨﾆ
52A0,ﾎﾙﾂｪｯｸ
52A1,ﾊﾞｰﾌﾟﾙ
52A2,ﾀﾞﾎﾟｰﾆ
52A3,ｸﾞｽﾗﾝﾄﾞ
52A4,ﾌﾟﾛﾝ
52A5,ﾅｻﾞﾚﾙ
52A6,ｶﾛｰﾆ
52A7,ﾏﾈｰｺﾞ
52A8,ﾌｧﾄﾞﾘｱﾝｾﾞ
52A9,ﾌｧﾝ･ﾃﾞｨﾚｳ
52AA,ﾏﾃﾞﾗｰﾚ
52AB,ｳﾞｪｽﾎﾙ
52AC,ﾌｧﾝ･ｾﾙﾃﾞ
52AD,ﾛｰﾀﾞｳｪｽﾞ
52AE,ｹｯﾍﾙ
52AF,ﾌｫﾚﾑ
52B0,ｵｺﾞｴﾈ
52B1,ﾊﾞﾙﾈﾌ
52B2,ﾗﾌﾟﾚｽ
52B3,ﾍﾝﾀﾞｰｿﾝ
52B4,ﾌﾞﾗｯﾁ
52B5,ﾃﾞｶｴｰﾛ
52B6,ﾌﾞｽﾞﾙ
52B7,ﾌｧｼｰﾆ
52B8,ｶﾊﾞﾁｪﾛ
52B9,ﾓﾄﾞｰﾆｵ
52BA,ｺﾙﾄﾞｰﾆ
52BB,ﾛﾊﾞｿﾝ
52BC,ｵｺﾈﾙ
52BD,ｳﾞｨﾙｷﾝ
52BE,ｼﾞｪｳﾙ
52BF,ﾏﾘｵﾝ･ｺﾈｽ
52C0,ﾌﾞﾙｾﾞｯｼﾞ
52C1,ｵﾙｹﾞｰﾛ
52C2,ｱﾙｶﾞﾄﾞ
52C3,ｼｭｷﾋﾞﾙ
52C4,ﾂﾊﾞｯﾊｰ
52C5,ｶﾞﾙﾗﾝﾄﾞ
52C6,ｹｲﾄﾏﾝ
52C7,ｱﾝﾄﾞﾏ
52C8,ﾗｺﾌﾞｰ
52C9,ﾚｸﾚｯｸ
52CA,ｶﾞｽﾄﾙ
52CB,ﾎﾞﾛｺｽ
52CC,ﾏｸﾛｳｽｷｰ
52CD,ｾﾙﾒｯﾄ
52CE,ﾗﾐﾙ
52CF,ﾈﾙﾏﾝ
52D0,ﾊﾞｸﾞｾﾝ
52D1,ﾌｧﾝ･ﾄﾞﾝ･ｹﾞﾑ
52D2,ｺﾙﾄﾞｳｯﾄﾞ
52D3,ﾃｨｽﾈﾑ
52D4,ｺｰﾙﾏﾝｽ
52D5,ｸﾗｳｽ
52D6,ｴｯﾌｪﾝｽ
52D7,ｸｰﾍﾟﾙﾄ
52D8,ｲｴﾙｶ
52D9,ｱﾙｼﾞｮﾙｼﾞｭ
52DA,ﾌﾟﾆｮﾌ
52DB,ｱﾙﾊﾞﾝ
52DC,ｶｽﾃｨｰﾆｮ
52DD,ﾙﾁｮｽｶ
52DE,ﾙｲｰｾﾞ
52DF,ﾏﾆｴﾛ
52E0,ﾎﾞﾆｮｰﾘｵ
52E1,ﾘｰｷﾝｽ
52E2,ｳﾞｧﾝ･ﾓﾚﾛ
52E3,ﾌｧﾝ･ﾍﾑﾈﾝ
52E4,ﾃｼﾞｮｽ
52E5,ﾜﾙﾑｽ
52E6,ｺﾞｽﾀﾙ
52E7,ｳﾞｧﾝﾃﾞｽﾄﾝ
52E8,ﾀﾙﾃﾞｨｴ
52E9,ﾐｺｰﾚ
52EA,ｳﾞｧﾝﾃﾞｸ
52EB,ﾘﾋﾞﾝｸﾞｳｪﾙ
52EC,ｺﾞﾙﾓｰﾙ
52ED,ﾀﾞﾓﾜﾙ
52EE,ﾊﾞﾙﾄﾙ
52EF,ﾀﾙﾏｰﾄ
52F0,ﾎﾞﾐﾃｨｯｸ
52F1,ﾛｽﾞﾌｨｰﾙﾄﾞ
52F2,ﾏｸﾍﾞﾙ
52F3,ﾗﾑﾆｽ
52F4,ﾕ･ﾌｧﾝｿﾙ
52F5,ｵｽﾃｨｯﾁ
52F6,ｲｼｪｯｸ
52F7,ﾊﾟﾋﾞｰﾆｬ
52F8,ｶﾞﾌﾞｼﾞｮﾙ
52F9,ﾏﾚｽ
52FA,ﾏｼｬﾗﾄﾞ
52FB,ｼﾞﾊﾞﾉﾋﾞｯﾁ
52FC,ﾎﾞﾂｺﾌ
52FD,ﾋﾞﾄﾚｽｸ
52FE,ﾍｯﾌﾟｽ
52FF,ｶﾄｰｻﾞ
5300,ﾀｷﾄｽ
5301,ﾄﾞｶﾉﾌ
5302,ﾀﾞﾆﾔﾂ
5303,ﾎﾙﾂ
5304,ｴﾄﾞﾏﾝﾄﾞ
5305,ｴﾘﾌｧﾚｯﾄ
5306,ｴﾙﾏｰ
5307,ｴｲﾌﾞﾗﾑ
5308,ｳｨﾙﾌﾚｯﾄ
5309,ｳﾞｨｳﾞｨｱﾝ
530A,ｲｼｭﾒﾙ
530B,ｲｻﾞﾄﾞﾙ
530C,ｻｲｰﾄﾞ
530D,ｲｰﾉｽ
530E,ｲｳﾞｧﾝ
530F,ｱﾝﾌﾞﾛｰｽﾞ
5310,ｱﾝﾄﾞﾘｭｰ
5311,ｱﾝﾄｰﾆｱ
5312,ｱﾝｶﾞｽ
5313,ｱﾚｸｼｽ
5314,ｱﾙﾏﾝ
5315,ｱﾙﾋﾞﾝ
5316,ｱﾙﾄﾞﾍﾙﾑ
5317,ｱﾙﾀﾞｽ
5318,ｱﾙｼﾞｬｰﾉﾝ
5319,ｱﾙｳﾞｧ
531A,ｱﾑﾌﾞﾛｰｽﾞ
531B,ｱﾌﾞﾅｰ
531C,ｱﾄﾞﾚｰ
531D,ｱﾀﾞﾙﾊﾞｰﾄ
531E,ﾀｰﾊｰ
531F,ｱｰﾁﾎﾞﾙﾄﾞ
5320,ｱｰｳﾞｨﾝｸﾞ
5321,ｵｰｶﾞｽﾀｽ
5322,ｻﾞﾆ
5323,ｵｰﾌﾞﾘｰ
5324,ｵｽﾞﾜﾙﾄﾞ
5325,ｵﾈｼﾏｽ
5326,ｶｰﾃｨｽ
5327,ｶｻﾝﾄﾞﾗ
5328,ｶﾞｯﾄﾞ
5329,ｶﾞﾏﾘｴﾙ
532A,ｷｬｼｱｽ
532B,ｸｪﾝﾃｲﾝ
532C,ｸﾘﾌｫｰﾄﾞ
532D,ｺﾞﾄﾞﾌﾘｰ
532E,ｺﾝﾗｯﾄﾞ
532F,ｻﾃﾞｨｱｽ
5330,ﾇｰﾘｰ
5331,ｼﾞｪｲﾗｽ
5332,ｼﾞｪｲﾙ
5333,ｼﾞｪｰﾋﾞｽﾞ
5334,ｼﾞｪﾃﾞｨﾃﾞｨｱ
5335,ｼﾞｪﾚﾐｰ
5336,ｼﾞｪﾛｰﾑ
5337,ｼｵﾄﾞｱ
5338,ｼﾞｬｲﾙｽﾞ
5339,ｼﾞｬｽﾃｨﾝ
533A,ｼﾞｬｽﾊﾟｰ
533B,ｼﾞｭｰﾄﾞ
533C,ｼﾞｮｰｴﾙ
533D,ｼﾘﾙ
533E,ｽﾀﾝﾚｰ
533F,ｽﾞﾘｴﾙ
5340,ﾊﾃﾞｨｰﾄﾞ
5341,ｿｰﾙ
5342,ﾀﾞﾘｳｽ
5343,ﾁｬﾄﾞ
5344,ﾃﾞｰﾀｽ
5345,ﾃﾞｰﾙ
5346,ﾃﾞﾘｯｸ
5347,ﾄﾞｩｰｶﾞﾙ
5348,ﾄﾞｩﾜｲﾄ
5349,ﾄｰﾊﾞｲｱｽ
534A,ﾄﾘｽﾄﾗﾑ
534B,ﾅｰﾏﾝ
534C,ﾅｻﾆｴﾙ
534D,ﾅﾌﾑ
534E,ﾈｲｻﾝ
534F,ﾊﾟｰｼﾊﾞﾙ
5350,ｼﾞｬﾊﾞﾙ
5351,ﾊﾞｰﾅﾊﾞｽ
5352,ｱｰﾘｰ
5353,ﾊﾞﾃﾞｨ
5354,ﾋﾞｳﾞｧﾘｰ
5355,ﾋｭｰﾊﾞｰﾄ
5356,ﾋﾗﾘｰ
5357,ｶﾞｰﾘｰ
5358,ﾌｪﾋﾞｱﾝ
5359,ﾌﾞﾚﾝﾀﾞﾝ
535A,ﾍﾟﾆｭｴﾙ
535B,ﾍﾞﾈｯﾄ
535C,ﾍﾞﾝｼﾞｬﾐﾝ
535D,ﾊﾘﾃﾞ
535E,ｲﾜﾉﾌｽ
535F,ﾏｰﾏﾃﾞｭｰｸ
5360,ﾏｼｭｰ
5361,ﾏﾗｶｲ
5362,ﾏﾝﾌﾚｯﾄﾞ
5363,ｴﾃﾞｨﾌﾞ
5364,ﾒﾙｳﾞｨﾝ
5365,ﾓｰｶﾞﾝ
5366,ﾕﾘｼｰｽﾞ
5367,ﾗｲｵﾈﾙ
5368,ﾗｻﾞﾗｽ
5369,ﾗﾙﾌ
536A,ﾘﾝｼﾞｰ
536B,ﾙｰｻｰ
536C,ﾙｰﾃﾙ
536D,ﾙﾀｰ
536E,ﾚｲﾌ
536F,ﾚｳﾞｨｰ
5370,ﾚｼﾞｰ
5371,ﾚｽﾘｰ
5372,ﾛﾃﾞﾘｯｸ
5373,ﾊｷｰﾑ
5374,ｱｰｶﾞﾄﾝ
5375,ｱｰﾀﾞﾑ
5376,ｱｰﾃﾞﾙﾍﾞﾙﾄ
5377,ｱｰﾛｲｽ
5378,ｱｳﾘｰﾙ
5379,ｶｰﾐﾙ
537A,ｱﾅｽﾀｰｼﾞｳｽ
537B,ｱﾎﾟﾛﾆｳｽ
537C,ｱﾏﾝﾄﾞｩｽ
537D,ｱﾙﾉ
537E,ｱﾙｳﾞｨｰﾝ
537F,ｱﾙﾍﾞﾘﾋ
5380,ｱﾙﾐｰﾝ
5381,ｱﾝｾﾞﾙﾑ
5382,ｲｰｻﾞｸ
5383,ｲｸﾞﾅｰﾂ
5384,ｲﾏｰﾇｴｰﾙ
5385,ｲﾝｸﾞﾍﾞﾙﾄ
5386,ｳﾞｧﾙﾄﾗｳﾄ
5387,ｳﾞｧﾚﾝﾃｨｰﾝ
5388,ｳﾞｨｰﾄｩｽ
5389,ｳﾞｨﾘﾊﾞﾙﾄ
538A,ｳﾞｨﾙｷﾞﾆｱ
538B,ｳｰｳﾞｪ
538C,ｳﾞｪﾙﾅｰ
538D,ｳﾞｪﾙﾝﾊﾙﾄ
538E,ｳﾞｪﾝﾂｪﾙ
538F,ｼﾞｱ･ｸｰﾁﾝ
5390,ｳﾙﾘﾋ
5391,ｱﾀﾁｬｲ
5392,ｴｰﾌﾗｲﾑ
5393,ｴｰﾐｰﾙ
5394,ｴｰﾘﾋ
5395,ｴｯｶﾙﾄ
5396,ｴﾄｳﾞｧﾙﾄ
5397,ｴﾙｹﾝｳﾞｧﾙﾄ
5398,ｴﾙﾝｽﾄ
5399,ｵｲｹﾞｰﾝ
539A,ｵｽｳﾞｧﾙﾄ
539B,ｵﾙﾄｳﾞｨｰﾝ
539C,ｶｽﾊﾟﾙ
539D,ｶﾙﾙ
539E,ｷﾞｰｾﾞﾙﾍｰﾙ
539F,ｷﾞｰﾅ
53A0,ｷﾞﾙﾍﾞﾙﾄ
53A1,ｸｰﾉ
53A2,ｸｻｰｳﾞｧｰ
53A3,ﾗﾌﾏﾝ
53A4,ｸﾞﾝﾀｰ
53A5,ｸﾞﾝﾄﾗﾑ
53A6,ｹﾞｰﾙﾉｰﾄ
53A7,ｹﾞｰﾛﾙﾄ
53A8,ｹﾞｯﾂ
53A9,ｹﾞﾌﾟﾊﾙﾄ
53AA,ｹﾞﾙﾄ
53AB,ｹﾞﾙﾍﾞﾙﾄ
53AC,ｺｰｼﾞﾓ
53AD,ｷﾑ･ﾅﾑｳｫﾝ
53AE,ｺﾞｯﾄﾍﾙﾌ
53AF,ｺﾙﾈｰﾙ
53B0,ｺﾝｽﾀﾝﾃｨﾝ
53B1,ｻﾞｰﾛﾓﾝ
53B2,ｼﾞｰｸﾞﾙﾄ
53B3,ｼﾞｰﾒｵﾝ
53B4,ｼﾞﾄﾞｰﾆｴ
53B5,ｼｭｯﾀﾌｽ
53B6,ｽｳﾞｪｸ
53B7,ｾﾞｯﾌﾟﾙ
53B8,ｾﾞﾙﾏﾙ
53B9,ﾀﾝｸﾚｰﾄ
53BA,ﾂｪｰｻﾞﾙ
53BB,ﾘｳ･ｼｰﾌｫﾝ
53BC,ﾃｨｰﾛ
53BD,ﾃﾞｰﾄﾚﾌ
53BE,ﾃｵﾄﾞｼｳｽ
53BF,ﾃﾞｭｵﾆｭｰｽ
53C0,ﾄﾞｰﾛﾃ
53C1,ﾄﾋﾞｰｱｽ
53C2,ﾄﾗｳｺﾞｯﾄ
53C3,ﾅﾀｰﾅｴﾙ
53C4,ﾊｲﾅｰ
53C5,ﾊﾞｼﾘｳｽ
53C6,ﾊﾞﾙﾃﾙ
53C7,ﾊﾙﾄｳﾞｨﾋ
53C8,ﾊﾙﾄﾑｰﾄ
53C9,ﾊﾝｼﾞ
53CA,ﾊﾝｽﾕﾙｹﾞﾝ
53CB,ﾊﾝﾈﾏﾝ
53CC,ﾊﾝﾉ
53CD,ﾋﾝﾂ
53CE,ﾌｰｺﾞ
53CF,ﾌﾞﾗｰｼﾞｳｽ
53D0,ﾌﾘｰﾀﾞｰ
53D1,ﾌﾘｰﾄﾞﾘｰﾝ
53D2,ﾌﾞﾚｰｼﾞ
53D3,ﾌﾚｰﾃﾞｶﾞﾙ
53D4,ﾌﾛｰﾘｱﾝ
53D5,ﾍﾞｱｰﾄｩｽ
53D6,ﾍﾟｰﾀｰ
53D7,ﾍﾞﾈﾃﾞｨｸﾄｽ
53D8,ﾍﾞﾘｴｽ
53D9,ｿ･ｲﾝﾋｮ
53DA,ﾍﾙﾑｰﾄ
53DB,ﾍﾞﾝﾉ
53DC,ﾍﾝﾘｸ
53DD,ｴｸﾃﾞﾗ
53DE,ﾏﾙｺﾙﾌ
53DF,ﾏﾝｺﾞﾙﾄ
53E0,ﾏﾝﾌﾚｰﾄ
53E1,ﾔﾙﾏﾙ
53E2,ﾕｽﾄｩ
53E3,ﾕﾙｹﾞﾝ
53E4,ﾖｱﾋﾑ
53E5,ﾖｰｹﾙ
53E6,ﾘﾝ･ｸｰ
53E7,ﾏﾀﾞｰﾘｰ
53E8,ﾉﾗｼﾝ
53E9,ﾘｭｰﾃﾞｨｶﾞｰ
53EA,ﾙｰｲﾄﾎﾟﾙﾄ
53EB,ﾙｰﾌﾟﾚﾋﾄ
53EC,ﾙｯﾂ
53ED,ﾚｰｵﾎﾟﾙﾄ
53EE,ﾛｰﾃﾞﾘﾋ
53EF,ﾛﾙﾌ
53F0,ｱﾘｽﾃｨﾄﾞ
53F1,ｱﾙﾇｰﾙ
53F2,ｱﾙﾉｰ
53F3,ｱﾝﾄﾅﾝ
53F4,ｲｰｳﾞ
53F5,ｲｼﾞﾄﾞｰﾙ
53F6,ｲﾎﾟﾘｯﾄ
53F7,ｲﾚｰﾙ
53F8,ｳﾞｧﾝｻﾝ
53F9,ｳｼﾞｪｰﾇ
53FA,ｱﾌﾞﾄﾞｩﾌ
53FB,ｴﾙｳﾞｪ
53FC,ｴﾙﾈｽﾄ
53FD,ｴﾛﾜ
53FE,ｵﾉﾚ
53FF,ｵﾗｰｽ
5400,ｶﾞｴﾀﾝ
5401,ｶﾐｰﾕ
5402,ｶﾝﾀﾝ
5403,ｷﾞﾖｰﾑ
5404,ｸﾞﾚｺﾞﾜｰﾙ
5405,ｸﾛｰﾄﾞ
5406,ｺﾗ
5407,ｼﾞｪﾙｳﾞｪ
5408,ｼﾞｬｺﾌﾞ
5409,ｼﾞｭｰﾙ
540A,ｼﾞｭﾙ
540B,ｼﾞｮﾌﾛｱ
540C,ｱﾂｶｰﾄﾞ
540D,ｾﾙｼﾞｭ
540E,ｼﾞｮｳ･ｲｪﾝ
540F,ﾃｰﾊﾟﾘｯﾄ
5410,ﾄﾏ
5411,ﾆｺ
5412,ﾋﾟｴﾛ
5413,ﾌｧﾌﾞﾘｽ
5414,ﾌﾛﾗﾝ
5415,ﾎﾞｰﾄﾞﾜﾝ
5416,ﾏｸｼﾑ
5417,ﾏﾃｨｱﾝ
5418,ﾏﾃｨﾕｰ
5419,ﾏﾙﾀﾝ
541A,ﾓﾓ
541B,ﾕｰｸﾞ
541C,ﾕﾙﾊﾞﾝ
541D,ﾘｭｼｱﾝ
541E,ﾎﾒｲﾆ
541F,ﾚｵﾅｰﾙ
5420,ﾛﾄﾞﾘｸﾞ
5421,ｱｳﾛｰﾗ
5422,ｱﾙﾌｫｰｻ
5423,ﾍﾗｳｨ
5424,ｱﾚｯｼｵ
5425,ｱﾛﾙﾄﾞ
5426,ﾏﾍﾟﾇｩ
5427,ｽｼｯﾁ
5428,ｳﾞｨｯﾄｰﾘｵ
5429,ｳｰｺﾞ
542A,ｴｳｼﾞｪﾆｵ
542B,ｴｳｽﾀｰｷｵ
542C,ｱﾌﾏﾄﾞ
542D,ｴﾄﾞｱﾙﾄﾞ
542E,ﾛﾝ･ﾌｰ
542F,ｴﾝﾂｫ
5430,ﾄﾝﾁｬｲ
5431,ｸﾞﾘｴﾙﾓ
5432,ｸﾚﾒﾝﾃ
5433,ｼﾞｪﾚﾐｱ
5434,ｼﾞｬﾝﾆ
5435,ｼﾞｮｱｯｷｰﾉ
5436,ｼﾞｬｽｴｰ
5437,ｼﾞｮｯﾄ
5438,ｼﾙｳﾞｨｵ
5439,ﾀﾞｰﾘｵ
543A,ﾁｪｰｻﾞﾚ
543B,ﾙﾜｲﾙ
543C,ﾄﾝﾏｰｿﾞ
543D,ｶﾏﾙ
543E,ﾊﾞﾙﾊﾞﾗ
543F,ﾌｧｰﾋﾞｵ
5440,ﾍﾞﾆｱﾐｰﾉ
5441,ﾍﾞﾝｳﾞｪﾇｰﾄ
5442,ﾎﾞﾆﾌｧｰﾁｮ
5443,ﾏｰｶﾆｵ
5444,ﾏｳﾛ
5445,ﾏﾙﾁｪﾛ
5446,ﾌｧﾗｼﾞｭ
5447,ﾛﾄﾞｳﾞｨｰｺ
5448,ﾛﾚﾝﾂｵ
5449,ｱｰﾘｸ
544A,ｱｰﾘｬ
544B,ｱｳﾞｸﾞｽﾄ
544C,ｱｳﾞﾃﾞｰｲ
544D,ｱｶﾞﾌｫｰﾝ
544E,ｱｸﾞﾁｬﾝｺ
544F,ｱﾀﾞｰﾑ
5450,ｱﾄﾞﾘｱｰﾝ
5451,ｲｽﾊｰｸ
5452,ｱﾌｧﾅｰｼｰ
5453,ｱﾘﾋﾞｰﾝ
5454,ｼﾞｬｵ･ｼﾞｪﾝ
5455,ｱﾙｶｰｼｬ
5456,ﾌﾞｱｶｵ
5457,ｱﾙﾋｰﾌﾟ
5458,ｱﾝﾁｰﾌﾟ
5459,ｱﾝﾄﾞﾚｲ
545A,ｲｰﾗ
545B,ｲｼｰﾄﾞﾙ
545C,ｲｯﾎﾟﾘｰﾄ
545D,ｲﾊﾟｰﾁｰ
545E,ｲﾗﾘｵｰﾝ
545F,ｲﾘﾔｰ
5460,ｲﾘｭｰｼｬ
5461,ﾊﾏﾃﾞｨ
5462,ｳﾞｧﾙﾗｱｰﾑ
5463,ｳﾞｧﾚｰﾗ
5464,ｳﾞｧﾚﾝﾁｰﾝ
5465,ｳﾞｨｰｶ
5466,ｳﾞｨｰﾁｬ
5467,ﾗｰｾﾝ
5468,ｳﾞｨｯｻﾘｵｰﾝ
5469,ｳﾞｪﾆｱﾐｰﾝ
546A,ｳﾞｧﾁｪｽﾗﾌ
546B,ｳﾞﾗｰｽ
546C,ｴｳﾞｸﾞﾗｰﾌ
546D,ﾌｻｲﾆ
546E,ｴﾚﾒｰｲ
546F,ｶｰﾙﾌﾟ
5470,ｶﾞｳﾞﾘｰﾗ
5471,ｶｼﾔｰﾝ
5472,ｶﾋﾟﾄｰﾝ
5473,ｸﾞｰﾘｯﾁ
5474,ｻﾄﾞﾙ
5475,ｸﾞﾘｰｼｬ
5476,ﾖｳ･ﾙｰﾊｲ
5477,ｹﾞﾗｰｼﾑ
5478,ｺｰｽﾁｬ
5479,ｺﾞﾙﾃﾞｰｲ
547A,ｺﾙﾆｰﾘｰ
547B,ｻｰｼｬ
547C,ｻｯｳﾞｧ
547D,ｽﾁｮｰﾊﾟ
547E,ｽﾗｰｳﾞｧ
547F,ｾﾙｹﾞｲ
5480,ｿﾛﾓｰﾝ
5481,ﾊｯｻﾝ
5482,ﾀﾞﾆｰﾗ
5483,ﾃﾞﾐﾔｰﾝ
5484,ﾃﾞﾒｰﾝﾁｰ
5485,ﾄｰｼｬ
5486,ﾅｳｰﾑ
5487,ﾆｰｺﾝ
5488,ﾀﾗｰﾄ
5489,ﾌｪｰｼﾞｬ
548A,ﾌｾｳﾞｫﾛﾄﾞ
548B,ﾌｮｰﾄﾞﾙ
548C,ﾌﾘｽﾄﾌｫｰﾙ
548D,ﾌﾞﾛﾆｽﾗｰﾌ
548E,ｼﾊﾞｰｲ
548F,ﾍﾟﾄﾙｰｼｬ
5490,ﾎﾞﾘｽﾗｰﾌ
5491,ｳｰ･ﾄﾝｼﾝ
5492,ﾏﾄｳﾞｪｰｲ
5493,ﾁｬｵﾜﾘｯﾄ
5494,ﾐﾄﾛﾌｧｰﾝ
5495,ﾐﾍｰｲ
5496,ﾒﾌｫｰｼﾞｰ
5497,ﾓﾃﾞｰｽﾄ
5498,ﾖｰｼﾌ
5499,ﾘｭｰｼｬ
549A,ﾘｮｰｳﾞｧ
549B,ﾙｽﾗｲﾄﾞ
549C,ﾛｼﾞｵｰﾝ
549D,ﾛｽﾁｽﾗｰﾌ
549E,ﾏﾙｾﾚｲﾛ
549F,ｹﾝﾃﾞﾙ
54A0,ﾎｾｰﾙ
54A1,ｶﾚｽﾏ
54A2,ｹｾﾛ
54A3,ｺﾝﾃｽ
54A4,ﾊﾞﾙｹﾝ
54A5,ﾎｾﾞﾘｰﾆｮ
54A6,ｺﾘｰﾆｮ
54A7,ﾜｲｱｰﾉ
54A8,ｵﾘﾍﾞﾛ
54A9,ｸﾚﾀｽ
54AA,ｶﾞﾌｧｴﾚ
54AB,ｹﾏﾝﾄﾞﾛ
54AC,ｶﾞｼﾞﾊﾞﾝ
54AD,ｶﾞﾙｾﾛ
54AE,ｸﾗﾃｽ
54AF,ﾊﾟﾙﾄﾞｰｿ
54B0,ﾐｼﾞｪｰﾙ
54B1,ﾓﾘｾｽ
54B2,ｸｱﾚｽ
54B3,ｶﾞｶﾞ
54B4,ﾇｰﾉ･ﾊﾞﾝﾃ
54B5,ﾊﾞｸﾁｽﾀ
54B6,ﾎﾒｰﾙ
54B7,ﾚｷﾞﾅﾙﾄﾞ
54B8,ｺﾘﾍﾞﾛ
54B9,ﾎｼﾞｰﾆｮ
54BA,ｶﾞﾝﾋﾞｴﾘ
54BB,ﾍﾙﾃﾞﾙ
54BC,ﾌﾞｸﾞﾈﾙ
54BD,ﾌﾞﾘｰﾄ
54BE,ｺﾚｲﾗ
54BF,ｸﾞﾚｸﾞｾﾝ
54C0,ﾎﾟﾜﾉﾌ
54C1,ﾍﾞｰﾚﾒﾝｽ
54C2,ｼﾞｴｸ
54C3,ｴﾗﾆﾁｪﾌ
54C4,ｸﾞﾗｼﾞﾌｽｷ
54C5,ﾐｸﾞｼｪﾝ
54C6,ｱﾀﾞｰﾉ
54C7,ﾏｳﾗｰﾆｮ
54C8,ﾃﾞﾆｰﾆｮ
54C9,ｾﾞ･ｶﾞｳﾗﾙ
54CA,ﾐｹﾛ
54CB,ﾍﾚﾉ
54CC,ﾇｰｼﾞｮ
54CD,ｹﾙﾅﾝﾀﾞｽ
54CE,ｳﾞｨｱｰﾉ
54CF,ﾉｹﾞｲﾗｽ
54D0,ﾎｼﾞｪﾘ
54D1,ﾀﾞﾙﾊﾞｽ
54D2,ﾊﾝﾄﾞﾛ
54D3,ﾌｧｳﾞｫﾙ
54D4,ｹｲｴｽ
54D5,ｱｹﾚ
54D6,ｷﾞﾘｬﾙﾒ
54D7,ﾀﾞﾅ
54D8,ｼﾞｮｴｳ
54D9,ﾍﾞﾆﾃﾗ
54DA,ｶﾞｼﾞｬﾙﾀﾞｰﾆ
54DB,ｶﾞﾍﾞｲﾛ
54DC,ｻﾆｵｽ
54DD,ﾏﾙｾｲﾀﾞｽ
54DE,ﾃﾞｱﾑﾏﾗ
54DF,ﾋﾟｯﾋｮ
54E0,ﾃﾞﾛﾝ
54E1,ｶﾞｲｱｰﾉ
54E2,ｶﾚｻﾝﾄﾞﾛ
54E3,ｷﾞｱｽ
54E4,ﾎﾋﾞｱｰﾉ
54E5,ﾏﾙｺﾘｰﾉ
54E6,ｶﾊﾞﾆｰﾆｮ
54E7,ｴﾝｺﾘ
54E8,ﾀﾞﾗﾄｰﾆ
54E9,ｷﾙﾚｲ
54EA,ｳﾆｮﾗｽ
54EB,ｼﾞｬﾗｰﾑ
54EC,ﾘｰｺｯｸ
54ED,ﾀﾞﾘｸﾞｽﾓ
54EE,ｸﾞﾄﾞﾊﾞｻ
54EF,ﾒﾀｰｿﾝ
54F0,ﾓﾗﾆｰﾆｮ
54F1,ﾊﾝｾﾝﾄﾝ
54F2,ｻﾝｾﾝ
54F3,ｱｳﾘｼｵ
54F4,ｶﾞﾙﾍﾞﾙﾄ
54F5,ｱｯｷﾈﾝ
54F6,ﾎﾟｰﾈｽ
54F7,ｸｽﾍﾟｽ
54F8,ｻｲｰﾀﾞ
54F9,ｼﾞｪﾌｧｰｾﾝ
54FA,ｸﾙﾂｨ
54FB,ｹﾞﾗﾙﾄﾞ
54FC,ﾀﾞﾝ
54FD,ﾄﾞｭｰｶﾞﾘｰ
54FE,ｽｺﾞﾙﾋﾞｯﾁ
54FF,ｼｭﾊﾞｲﾉﾋﾞｯﾁ
5500,ｱｲﾓｽｱｰﾉ
5501,ﾀﾗｲﾗｽ
5502,ﾚﾄﾞﾅｯﾌﾟ
5503,ﾌｧｰﾃﾞｨﾝｹﾙ
5504,ﾘﾁｬｰﾄﾞｿﾝ
5505,ｸﾛﾄﾞﾘﾝ
5506,ﾏｰｹｿﾝ
5507,ﾌｧｰｶﾞﾝ
5508,ｱｯﾗｰﾚ
5509,ｷｹｰﾛ
550A,ﾌｧﾝｺﾞﾙｿﾝ
550B,ﾏｶﾞｲ
550C,ｴｽﾀﾗｰﾃﾞ
550D,ｿﾗｲﾔﾝ
550E,ﾀﾞｰﾄﾝ
550F,ｲｴﾙﾃﾞﾙﾄﾞ
5510,ｶﾞｰﾄﾞﾆｰ
5511,ﾋﾟｴｰﾗ
5512,ｱｰﾈｽﾄ
5513,ﾎﾟﾙｶﾞｽ
5514,ｱﾉｯｻ
5515,ｱﾙｹｽ
5516,ｴｸﾃﾞﾙ
5517,ｸｹﾞﾎﾞｺﾞ
5518,ｶﾞﾎﾞﾘｴﾗ
5519,ｻﾗﾁｮ
551A,ｳﾞｨﾙﾄｩｰﾚ
551B,ﾍﾟﾅﾝｼｮ
551C,ｶｰﾚｯｸ
551D,ﾗﾄﾞﾘｱﾅ
551E,ｱﾃﾞｨｶﾞｰ
551F,ﾊﾞｯｼｵ
5520,ﾍﾟｰﾀｰｿﾝ
5521,ﾄﾚｾﾓﾗ
5522,ﾗﾅﾃﾞｯﾃ
5523,ｸﾙｼﾞｪｳ
5524,ｸﾝﾄﾞﾗｰﾃﾞ
5525,ｾﾀﾆｽﾜﾑ
5526,ｱﾘﾈｲ
5527,ﾊﾞｲｶｰ
5528,ｶﾙﾃｨｯｸ
5529,ｶｽｶｯﾗ
552A,ﾑｹﾞｳ
552B,ﾍﾁｰﾆ
552C,ﾀﾞｯﾌﾟ
552D,ｱﾙﾓﾚｯﾗ
552E,ﾐﾛｱｰﾉ
552F,ﾍﾞﾝｼｬｲｸ
5530,ｱﾚｲ
5531,ｱﾔﾝｿﾝ
5532,ﾐｶﾞｰﾛ
5533,ﾊﾞｰﾝﾍｰﾄﾞ
5534,ﾍﾟﾀﾞﾘ
5535,ﾙｸｰﾆ
5536,ﾃﾞｨｽﾌｧ-ﾉ
5537,ｶｻｰﾛ
5538,ｼﾞｮﾝｸｿﾝ
5539,ﾍﾞｾﾞﾃｰﾙ
553A,ｳﾞｨｱｾﾞﾗ
553B,ﾍﾞｼﾞｮﾘﾃﾚｽ
553C,ﾔﾍﾝｾﾝ
553D,ﾗﾝﾍﾙ
553E,ﾗﾒｯﾛ
553F,ｱﾗｳｿﾝ
5540,ﾀﾞ-ﾚﾌｯﾄ
5541,ﾘｱｺﾞ
5542,ﾏｼｴｲ
5543,ﾐﾚﾌｺﾊﾞ
5544,ｸﾊﾟｲｻﾞ
5545,ｸﾚﾊﾞﾄﾆｸ
5546,ﾍｰｽﾄ
5547,ﾄﾞﾆｴﾗ
5548,ﾎﾟﾝﾌﾟｷﾝｽ
5549,ｶﾞﾘｰｱ
554A,ｲﾊﾞﾆｺｽ
554B,ｲｪﾝﾍﾞﾙｶﾞｰ
554C,ﾜﾗﾌﾞﾉﾌｽ
554D,ｴｯｾﾑ
554E,ｴｼﾞﾝﾌﾞﾙ
554F,ｹﾛｰｼ
5550,ｷﾞﾝﾃﾞﾏﾝ
5551,ｹｲﾄｽ
5552,ｿﾝ･ｼﾞﾝﾊﾝ
5553,ｼﾞｪｽﾙ
5554,ｾｹﾞｲﾙ
5555,ｾﾑﾅｽ
5556,ﾃﾞﾓｯﾀ
5557,ﾋﾞﾝﾃﾞﾘｯｸ
5558,ﾏｽﾞﾚｽ
5559,ﾌﾞｼﾞｮｯｷ
555A,ｾﾗｽ
555B,ｹﾛﾑ
555C,ﾗｲﾄﾝ
555D,ｹﾚｽﾃﾝ
555E,ﾊﾞｯﾁｰﾆ
555F,ｹﾞﾝﾊﾞﾘｰ
5560,ﾌﾟﾝｻｳﾝ
5561,ﾒﾈﾘｯﾋ
5562,ﾌｧﾙﾄﾅ
5563,ﾛﾐﾁｪｸ
5564,ｴﾐｰﾛ
5565,ｴﾃﾞｨﾘｯｸ
5566,ｴﾑﾆｰ
5567,ｸﾗﾍﾞﾙ
5568,ﾋｭｰｽﾗ
5569,ﾃﾓﾌｨ
556A,ﾊﾞﾝｽﾞﾃﾞﾙ
556B,ｾｹﾞｰﾘｮ
556C,ｻﾞﾝﾋﾟｰ
556D,ﾃﾞﾐﾄﾙ
556E,ﾐﾛﾌﾅｰ
556F,ﾚﾌｽｷｰ
5570,ﾜｽﾃﾞﾝ
5571,ﾌﾞﾗﾄﾞﾚﾝ 