7530,戸田 偉雄
7531,西脇 真三
7532,赤星 良介
7533,安芸 雄一郎
7534,桐生 芯
7535,宮津 典久
7536,荒巻 勤
7537,生田 俊夫
7538,川西 君紀
7539,伊集院 浩
753A,板野 功
753B,大東 裕樹
753C,今関 博文
753D,岩本 徳雄
753E,稲場 文也
753F,浮田 良文
7540,国 鉄男
7541,牛山 均
7542,内田 隆
7543,大泉 太朗
7544,水嶋 昭人
7545,今田 秀樹
7546,太田 充彦
7547,近江 京吾
7548,岡島 泰蔵
7549,宇崎 聡
754A,沖村 直巳
754B,芦川 利成
754C,乙黒 寿士
754D,大垣 裕樹
754E,角 保人
754F,郭 祐太郎
7550,田里 義仁
7551,風岡 誠一
7552,加地 直弘
7553,高槻 保治
7554,加宮 優
7555,山越 幸孝
7556,坂村 博
7557,菊谷 昭夫
7558,御園 治樹
7559,柿本 泰三
755A,鹿沼 慎一
755B,北村 智彦
755C,木戸 晃
755D,門倉 俊介
755E,君塚 雄三
755F,深田 竜哉
7560,木森田 誠
7561,木山 俊二
7562,木藤 達樹
7563,久島 康哉
7564,九条 満
7565,邦友 清貴
7566,久坊 典弘
7567,黒田 順一
7568,安斉 藤二
7569,小泉 啓治
756A,香坂 敏
756B,片岡 宗徳
756C,塚田 慎也
756D,越 唐四郎
756E,越野 欣二
756F,小島 太一
7570,児島 豊
7571,古城 和吉
7572,氷上 俊祐
7573,小林 一成
7574,笠木 俊介
7575,越谷 慎也
7576,小宮山 仁
7577,今野 弘也
7578,和田 雄太
7579,咲山 太一郎
757A,永科 真人
757B,定家 広太
757C,佐々 兼良
757D,平出 清二
757E,真田 平八
757F,三間 藤次
7580,長浜 勝男
7581,島田 淳己
7582,島田 清二
7583,島津 大吾
7584,有賀 和之
7585,下平 元樹
7586,鶴岡 慎也
7587,白井 富雄
7588,城嶋 寛人
7589,小磯 伸也
758A,大林 翔
758B,加賀 多聞
758C,大賀 達人
758D,曽我 浩隆
758E,高梨 靖
758F,滝沢 富雄
7590,武石 幸一
7591,小野寺 慎
7592,八重 康吉
7593,河野 泰介
7594,土屋 英晃
7595,東堂 芳人
7596,内山 誠一
7597,戸塚 剛史
7598,南宮 隆良
7599,西子 素次郎
759A,西出 雅人
759B,丹羽 次郎
759C,丸藤 洋佑
759D,御木本 厳
759E,土川 善之
759F,浜宮 良
75A0,西村 豊
75A1,久永 貞広
75A2,富士 美喜雄
75A3,倉木 隆志
75A4,野内 謙太
75A5,堀崎 直隆
75A6,真紀 幸一
75A7,塩山 道信
75A8,松倉 翔
75A9,見上 雅樹
75AA,水木 智生
75AB,三田 公幸
75AC,湊 純平
75AD,美濃部 隆
75AE,宮路 貴久
75AF,宮下 知明
75B0,酒手 利光
75B1,吉賀 英明
75B2,仲河 勇喜
75B3,森本 武広
75B4,谷森 篤
75B5,沖名 和人
75B6,屋敷 孝夫
75B7,屋代 菊蔵
75B8,矢田 雅則
75B9,田所 貞雄
75BA,山形 晋
75BB,津島 敦也
75BC,山本 辰男
75BD,雪村 貴昭
75BE,柚木 猛
75BF,湯田 伸幸
75C0,山岡 淳
75C1,善本 幸造
75C2,吉竹 信次
75C3,杉並 敦也
75C4,吉見 達郎
75C5,米沢 吾郎
75C6,渡辺 明人
75C7,井川 武文
75C8,喜多 純之助
75C9,浦田 貞雄
75CA,北岡 潤一
75CB,綾部 将貴
75CC,北島 憲次
75CD,富岡 秀三
75CE,浜石 幸則
75CF,木藤 一司
75D0,木田 雅志
75D1,木之下 兼一
75D2,鬼頭 浩司
75D3,来宮 晶
75D4,君島 重次郎
75D5,木谷 修一
75D6,京谷 武士
75D7,清川 恩
75D8,本村 清二
75D9,清田 昇平
75DA,堂森 正孝
75DB,清野 英昭
75DC,桐山 久志
75DD,金城 荘子
75DE,草間 太郎
75DF,草壁 真里男
75E0,柳井 重和
75E1,日下 智
75E2,串田 勝
75E3,小金 一斗
75E4,楠山 貞治
75E5,久世 次郎
75E6,鯨井 義史
75E7,草下 保
75E8,工藤 紀
75E9,国井 富郎
75EA,八木 浩二
75EB,国松 正好
75EC,安村 健文
75ED,国山 影允
75EE,久保田 謙信
75EF,熊倉 人吉
75F0,隈元 義忠
75F1,倉島 人郷
75F2,倉内 和哉
75F3,田尻 通久
75F4,黒岩 利昭
75F5,赤木 義光
75F6,黒崎 重好
75F7,木崎 隆裕
75F8,白川 直也
75F9,石場 栄輔
75FA,藤川 健二
75FB,猪村 啓介
75FC,田中 知樹
75FD,小松 秀次
75FE,金山 良治
75FF,川田 浩二
7600,笹山 裕也
7601,元田 智之
7602,黒井 直己
7603,久保 幸裕
7604,西尾 明敏
7605,三宅 浩二郎
7606,小澤 実
7607,小栗 忠政
7608,三石 貴弘
7609,西原 和紀
760A,鮎川 裕康
760B,肥山 雄ニ
760C,大内 友之
760D,壱岐 昌尚
760E,益田 浩一郎
760F,茂原 直人
7610,岡山 義男
7611,中嶋 亮輔
7612,木藤 紀幸
7613,浦川 直己
7614,下谷 賢治
7615,島谷 正平
7616,梶村 敏彦
7617,黒田 勤
7618,蒲原 秀典
7619,青田 孝治
761A,野宮 敏男
761B,緑川 稔
761C,成本 逸郎
761D,安部 昌義
761E,立川 重治
761F,堀田 佳明
7620,多田 章弘
7621,石崎 良三
7622,城田 隆治
7623,磯本 卓也
7624,三原 大蔵
7625,綾瀬 孝正
7626,野沢 和男
7627,和泉 徹
7628,園田 正博
7629,瀬川 健一郎
762A,熊田 忠明
762B,浪川 吉輝
762C,野川 昭則
762D,徳山 敬二
762E,柳本 茂晴
762F,平戸 雅士
7630,棚下 道博
7631,工藤 正輝
7632,浅田 裕樹
7633,沖山 康英
7634,平田 裕二
7635,星野 陽平
7636,山根 敏男
7637,遠山 洋三
7638,堀之内 亮
7639,高山 博剛
763A,神谷 亮
763B,菅沼 徹
763C,三波 陽司
763D,槙村 英一郎
763E,仁山 正晴
763F,新田 茂春
7640,竹下 宏和
7641,古畑 順也
7642,百瀬 智弥
7643,上林 玲二
7644,荻山 隆史
7645,樋山 正治
7646,筒田 広樹
7647,平井 昌人
7648,吉見 秀正
7649,前川 智寛
764A,原田 修司
764B,宇佐美 明
764C,登上 順三
764D,追川 良正
764E,杉田 博司
764F,小口 弘和
7650,奥田 範生
7651,村口 敏史
7652,飯沼 俊樹
7653,古山 茂
7654,米村 辰則
7655,豊下 慶介
7656,霜村 衛
7657,古賀 元康
7658,芳村 英嗣
7659,小宮山 義男
765A,難波 清一
765B,本間 靖史
765C,香山 孝明
765D,野田 武司
765E,巣山 哲郎
765F,松長 伸吾
7660,吉田 匡史
7661,東 登志男
7662,甲斐 信正
7663,池脇 武徳
7664,鶴見 正利
7665,須藤 憲弘
7666,広瀬 雄二
7667,笠間 志郎
7668,濱口 真治
7669,安田 慶介
766A,崎山 良二
766B,伊東 勝
766C,河端 淳哉
766D,小芝 聡史
766E,水野 賢
766F,坂下 伸弘
7670,相葉 幸治
7671,鶴田 昌道
7672,野本 敏和
7673,井口 正直
7674,串間 道弘
7675,岸田 光則
7676,緒方 友和
7677,永田 修輔
7678,新野 信也
7679,冨山 兼広
767A,秋山 研ニ
767B,名護 幸則
767C,谷山 勤
767D,近本 智史
767E,土岐 渉
767F,岩国 裕正
7680,若林 泰男
7681,小長谷 忠
7682,寺元 雅夫
7683,仲川 芳次
7684,石村 耕輔
7685,森村 春男
7686,穂積 伸斗
7687,兼平 寿男
7688,畑田 博志
7689,鶴巻 紀男
768A,江口 好満
768B,西原 聖ニ
768C,荒山 真吾
768D,五十嵐 和樹
768E,積塚 光晴
768F,北見 秀紀
7690,津村 明仁
7691,石巻 健司
7692,十和田 夏生
7693,軽部 礼二
7694,沢口 昌彦
7695,加茂 琢也
7696,但野 勇太
7697,本城 幹生
7698,箕部 省三
7699,安塚 邦光
769A,山之内 豊
769B,安木 修造
769C,宮渕 敦彦
769D,阿久津 晋
769E,大口 政樹
769F,倉西 保之
76A0,海老川 恒
76A1,桜内 孝夫
76A2,神城 直之
76A3,東名 静雄
76A4,南郷 雅紀
76A5,小山内 穣
76A6,古村 一雄
76A7,葦沢 智裕
76A8,鉢瀬 幸男
76A9,高沢 義久
76AA,溝脇 亨
76AB,伴野 勝彦
76AC,戸村 貞雄
76AD,中辻 尚男
76AE,大和田 健太
76AF,星田 正輝
76B0,仲竹 時男
76B1,浜中 啓二
76B2,佐古木 寛
76B3,楠見 茂男
76B4,倉吉 幸一
76B5,榎戸 啓次
76B6,樽井 謙造
76B7,巻藤 慎ニ
76B8,木幡 正俊
76B9,番田 俊郎
76BA,鉢方 光洋
76BB,桶沼 由好
76BC,村尾 雅一
76BD,梅津 義則
76BE,山科 洋一
76BF,笠沖 正光
76C0,ｱｰﾑｽﾞ
76C1,ｱｲｳﾞｧﾝ
76C2,ｱｳｹﾍﾞﾙｶﾞｰ
76C3,ｱｸﾔﾊﾆ
76C4,ｱｹﾛ
76C5,ｱｻﾞﾑ
76C6,ｱｽｸｲ
76C7,ﾏｼﾞｪｽﾀﾞ
76C8,ｱﾌﾞｰﾛ
76C9,ｱﾏﾄﾞｳ
76CA,ﾊﾞﾙｷｰﾙ
76CB,ｱﾙﾌｧﾝ
76CC,ｱﾛﾝ･ﾘﾝ
76CD,ｱﾝ･ｼｭﾝｻﾑ
76CE,ｹｾﾞﾈｽ
76CF,ｲｰ･ﾂｪﾝｳ
76D0,ｲｪﾙﾂ
76D1,ｲｽﾀﾙ
76D2,ｲﾝﾃﾞｭﾗﾝ
76D3,ｼｭﾊﾞｲﾂｪﾙ
76D4,ｳﾞｨｸﾄﾙ
76D5,ｳｰ･ﾒｲﾜｲ
76D6,ｳﾞｪｶﾞﾛ
76D7,ｳﾞｪﾙﾝｽﾄ
76D8,ｳｫﾝ･ﾅﾀﾆ
76D9,ﾌﾟﾘｻﾞﾉﾌ
76DA,ｳﾙﾆﾂｪﾌ
76DB,ｴｽﾒﾗ
76DC,ｴﾄﾞｶﾞﾙ
76DD,ｴﾄﾙｳｪｲ
76DE,ｴﾌﾞｹｰﾀ
76DF,ｴﾐﾃﾏﾙ
76E0,ｴﾗﾝﾃﾞｽ
76E1,ｴﾙｸﾚｽ
76E2,ｴﾙﾐﾚﾝｺ
76E3,ｴﾝｶﾘ
76E4,ｴﾝﾋﾟﾅｰｿﾞ
76E5,ｴﾝﾌﾞﾅｰ
76E6,ｵｲｱﾝ
76E7,ｵｰｽﾁﾝ
76E8,ｵﾙﾗｲﾈﾝ
76E9,ｶｰﾙｾﾝ
76EA,ｶﾞｽﾃﾛ
76EB,ｶｽﾞﾝ
76EC,ｶﾞﾌﾞﾗｰｼﾞ
76ED,ｶﾌﾞﾚﾉ
76EE,ｶﾞﾌﾞﾘｰﾆ
76EF,ｶﾞﾒﾚﾅ
76F0,ｶﾙｴｯｾﾝ
76F1,ｶﾙｴﾉｰﾗ
76F2,ｶﾙﾋﾞﾝ
76F3,ｶﾝﾋﾟｰﾉ
76F4,ｶﾝﾔﾘ
76F5,ｷﾞ･ﾚﾉ
76F6,ｷﾞｰﾙ
76F7,ｷﾞﾏﾗﾈｽ
76F8,ｷﾞｭﾄﾙ
76F9,ｷﾞﾘﾝｶﾞﾑ
76FA,ｷﾙﾋﾎﾌ
76FB,ｷﾝﾒﾙ
76FC,ｸｱﾘｰ
76FD,ｸﾞｱﾘｰﾆ
76FE,ｸｲﾙﾄﾗ
76FF,ｸﾞﾁﾙﾓ
7700,ｸﾞｯﾃﾞｨｰｽ
7701,ｸﾉ
7702,ｸﾋﾞﾅｽ
7703,ｸﾗｲｾﾝ
7704,ｹﾙｳﾞｧｽ
7705,ｸﾗｳﾄ
7706,ｸﾞﾗｯﾄ
7707,ｱﾘｱｰﾆ
7708,ｸﾘｶｰﾛ
7709,ｸﾘﾌ
770A,ﾌｼｬﾆ
770B,ｸﾙｰﾙ
770C,ｸﾚｰﾙ
770D,ｸﾜﾝﾌﾟ
770E,ｸﾞﾝｺﾔ
770F,ｹｰﾅｽ
7710,ｹﾞﾙﾆｸﾄｽ
7711,ｺｳﾞｨﾗ
7712,ｺｰｾﾞﾝ
7713,ｺｽﾞﾙﾆｸ
7714,ｺｯﾎﾟﾚｵ
7715,ｺﾙﾃｰﾉ
7716,ｺﾙﾄﾞﾋﾞｯﾁ
7717,ｺﾙﾆｰﾆｬ
7718,ｺﾛﾅﾄﾞ
7719,ｺﾝﾃﾞｨﾚｱ
771A,ｻｰﾝﾄﾞﾘ
771B,ｻｸﾞｽﾘｸ
771C,ｻﾄﾞﾆ
771D,ｻﾊﾞﾗ
771E,ｻﾊﾟﾘ
771F,ｻﾐﾙﾁｪﾝｺ
7720,ｻﾑﾚﾗ
7721,ｾﾞﾘｰﾆ
7722,ｹﾝﾃﾞｽ
7723,ｻﾙﾀﾆ
7724,ｼｰﾊﾞﾈﾝ
7725,ｼﾞｰﾍﾞ
7726,ｼｰﾗﾝ
7727,ｼﾞｳｽﾄ
7728,ｼｪﾙﾍﾞﾙｸﾞ
7729,ｼﾞﾄﾞﾛ
772A,ｼｬｷｰﾙ
772B,ｼｬﾅﾒｽ
772C,ｼﾞｬﾊﾄﾞﾘ
772D,ｼｬﾙﾊﾞﾙ
772E,ｼﾞｭｲﾆ
772F,ｼﾞｭﾘﾃｰﾙ
7730,ｼｭﾘﾊﾞﾝ
7731,ｼｭﾛｰﾃﾞﾙ
7732,ｼｮｰﾍﾞﾘ
7733,ｼﾞｮﾙﾀｽ
7734,ｼﾙﾋﾞｵ
7735,ｽｰ･ﾄﾞﾝﾕｰ
7736,ｻｰﾍﾙ
7737,ｽﾆｮﾙ
7738,ｽﾊﾞﾀ
7739,ｽﾘｱﾆ
773A,ｻﾞﾝﾍﾞﾙﾄ
773B,ｽﾝ･ﾁｬﾝﾎ
773C,ｽﾝﾅﾎﾟﾝ
773D,ｾﾞｰﾅ
773E,ｾｵﾛ
773F,ｾﾞﾙﾀﾞｰ
7740,ｾﾙﾃｨｶ
7741,ｾﾙﾒｲﾗ
7742,ﾐﾝｼﾞｽ
7743,ｿﾏｰｽﾞ
7744,ｿﾙﾀﾞﾉﾋﾞｯﾁ
7745,ﾃﾞﾊﾟﾙﾏ
7746,ﾀｲﾗｰ
7747,ﾁｪﾙﾆｺﾌ
7748,ﾁｪﾝ･ｴｲ
7749,ﾁｷ
774A,ﾁｯﾀｰﾀ
774B,ﾁｬｺﾝ
774C,ﾁｬﾅﾍﾟ
774D,ﾁｬﾒﾗ
774E,ﾁｬﾘｻｰﾗ
774F,ﾁｬﾝﾀｲﾅ
7750,ﾁｬﾝﾐﾝ
7751,ｽﾊﾟｰｷﾝ
7752,ﾂｨｵﾈﾘ
7753,ﾂｪﾈ
7754,ﾂﾅﾌ
7755,ﾃﾞｨｰﾗ
7756,ﾃﾞｲﾘｰｳｯﾄﾞ
7757,ﾃﾞｨﾙｾﾞﾛ
7758,ﾃｯｼｵ
7759,ﾃﾃﾞｴﾌ
775A,ﾃﾞﾏﾃｨ
775B,ﾃﾞｭﾏ
775C,ｼﾞｭﾗｰﾙ
775D,ﾃﾞﾗﾙｰｼｮ
775E,ﾃﾞﾘｰﾆｮ
775F,ｸﾚﾌｪﾙ
7760,ﾄｰﾋﾞﾙ
7761,ﾄﾞﾄﾞﾚﾛ
7762,ﾄﾞﾌｺﾌ
7763,ｺﾙﾝｿﾞ
7764,ﾄﾞﾈﾝ
7765,ﾄﾞﾐﾝｹﾞﾚﾛ
7766,ﾄﾗｯﾁ
7767,ﾅｲﾚﾝ
7768,ﾅｻﾞﾙ
7769,ﾈﾐｯｸ
776A,ﾊｰｹﾞﾙ
776B,ﾊﾞｰﾀｰ
776C,ﾊﾟｰﾅ
776D,ﾊｰﾊﾟｽ
776E,ﾊﾞｲﾍﾞﾙ
776F,ﾊﾞｼｪﾝｺ
7770,ﾊﾃﾞﾗ
7771,ﾌﾞｽﾞﾇｾ
7772,ﾊﾞﾊﾒｼｭ
7773,ﾊﾞﾗｰﾆ
7774,ﾊﾞﾗﾝﾀ
7775,ﾊﾞｲﾙｰｿﾞ
7776,ﾊﾞﾙﾊﾟｲ
7777,ﾊﾞﾝﾃﾞｶｲｴ
7778,ﾋﾞｱｰﾆ
7779,ﾋﾟｱﾌﾟｯﾄ
777A,ﾋﾞｻﾞｰﾉ
777B,ﾋﾟﾈﾆｬ
777C,ﾋﾟﾉｯｸ
777D,ﾋﾞﾘﾆ
777E,ﾋﾟﾚｰ
777F,ﾋﾟﾝﾁｸﾘﾌ
7780,ﾌｧﾊﾌﾞ
7781,ﾌｧﾌﾞﾘｱｰﾆ
7782,ﾌｧﾙﾄﾞｰｻ
7783,ﾌｧﾝ･ﾊｰﾄ
7784,ﾌｧﾝｽｰｲ
7785,ﾌｪﾗｰﾄ
7786,ｸｫﾙﾄﾝ
7787,ﾌﾊﾟﾃｨ
7788,ｶﾞﾌﾞﾗｳﾄﾞ
7789,ﾄﾝﾍﾞﾘｰﾉ
778A,ﾀﾞｺｽﾀ
778B,ｸﾍﾞｰﾛ
778C,ﾊﾞﾙﾊﾞﾄﾞ
778D,ﾋﾞｼﾞｬﾙ
778E,ｶﾞﾃｴｽ
778F,ｸﾞﾃｨｴｰﾘ
7790,ﾋﾞﾙﾏﾖﾙ
7791,ｳｪｽﾞﾆｯﾁ
7792,ｸﾋﾞｯﾂｸﾞﾗｰ
7793,ｹﾞﾘｨﾒﾙ
7794,ﾊﾞｰﾙﾃﾞﾝ
7795,ﾎｲﾒﾙ
7796,ﾒﾑｩﾚｵ
7797,ｶﾝﾁｪｽ
7798,ｾﾊﾞﾚｽ
7799,ﾓﾘｰﾆ
779A,ﾍﾙﾊﾞﾝﾄﾞ
779B,ﾊﾋﾞﾛ
779C,ﾏｼｱｰﾉ
779D,ｼﾞｭﾘﾀﾞﾝ
779E,ﾏﾙｻｰﾉ
779F,ｴｼﾞﾒﾙ
77A0,ﾚｼﾞﾈﾛ
77A1,ﾎﾞﾂｺﾌ
77A2,ﾏﾌﾞﾉﾌ
77A3,ﾉﾌﾞﾘｽｷｰ
77A4,ﾔｼﾞｺﾌ
77A5,ｹﾞﾙﾐ
77A6,ｵﾁｪﾍﾟ
77A7,ｲﾍﾟﾚﾒ
77A8,ﾊﾞｰﾆｯｸ
77A9,ｼﾞｪｲﾐｰ
77AA,ｴﾊﾞﾝｽ
77AB,ｺﾎﾟﾈ
77AC,ﾕﾚｶ
77AD,ｴｽﾓﾋﾞｯﾁ
77AE,ｸﾗｼﾞｯﾁ
77AF,ｶﾉﾁｪｯｸ
77B0,ﾋﾞﾁｪｶ
77B1,ﾑﾚﾌﾞｽｷｰ
77B2,ﾍﾟﾁｮﾍﾞｸ
77B3,ﾓﾙﾃﾝｾﾝ
77B4,ﾌﾞﾛｸｾﾝ
77B5,ﾌﾞｹﾞｾﾝ
77B6,ｱﾗﾝｾﾝ
77B7,ｶﾞﾌﾞｱ
77B8,ﾃﾆｮｰﾘｮ
77B9,ﾊﾞｸﾞﾚ
77BA,ﾊﾞﾝｶﾛｰﾈ
77BB,ﾗﾏﾗ
77BC,ｸｼｬﾍﾞ
77BD,ﾗﾊｼﾞ
77BE,ｳｨﾙｷﾝｽ
77BF,ｽﾊﾟﾝﾙｰ
77C0,ﾚｽﾞﾘｰ
77C1,ｹﾌﾟﾅﾑ
77C2,ﾘｶﾞｰﾄﾞ
77C3,ﾋｰﾄﾝ
77C4,ﾒﾄﾘｸﾞ
77C5,ﾊﾟｯﾁﾈﾝ
77C6,ﾁﾓｽｶ
77C7,ｸﾞﾗﾍﾞｶ
77C8,ﾑｼﾞｭｸ
77C9,ﾊﾞﾙﾎﾞﾓ
77CA,ｸﾞﾛｰﾑ
77CB,ﾃﾞｸﾃｨｵｰ
77CC,ﾋﾟﾄﾞｾﾙ
77CD,ﾇﾌﾞｳﾞｪ
77CE,ｳﾞｪｲﾚﾑ
77CF,ｿﾙﾊﾟｯｿ
77D0,ﾋﾟｹｾﾙ
77D1,ﾍﾟｲﾘｽ
77D2,ﾚｽﾞﾋﾞﾝ
77D3,ﾋﾟｯﾙｼｪﾙ
77D4,ｹﾞﾌﾀﾞｰ
77D5,ﾊﾞｸﾞﾊﾞｲﾔｰ
77D6,ｱｸﾞﾍﾞｸ
77D7,ﾊﾟｸﾗｯｸ
77D8,ﾍﾞｲｻﾙ
77D9,ﾒﾃﾞﾙｽ
77DA,ｲｪﾙﾁｪﾌ
77DB,ｼﾞｭﾄﾍﾝｶｰ
77DC,ﾑｼﾞｬﾆ
77DD,ｹｼﾙ
77DE,ｼｪﾑｱ
77DF,ﾍﾞﾝﾀﾞｰﾙ
77E0,ﾋﾞｶﾞﾙﾄﾞ
77E1,ｳｨﾙﾆｰﾄﾞ
77E2,ﾃﾞﾝﾒﾙﾃﾞﾝ
77E3,ｶﾞﾙﾎｰﾑ
77E4,ﾙｸﾞｳﾞｪﾝｽ
77E5,ｹﾌﾞｿﾝ
77E6,ﾎﾞｳﾞｧﾃﾞﾝ
77E7,ｺｰﾚﾝﾀﾞﾙﾑ
77E8,ﾌｫｯﾁｾﾝ
77E9,ﾔﾐﾛﾌｾﾝ
77EA,ﾗﾑﾜﾝ
77EB,ｱｼﾞｻﾐﾙ
77EC,ｱﾘｼﾞｬﾒﾘ
77ED,ｱﾙｱｼﾑ
77EE,ﾘｬﾜﾙ
77EF,ﾌｧｼｬﾃﾞｨ
77F0,ｼｬﾙﾄﾞﾊﾘ
77F1,ﾏﾌﾊﾆ
77F2,ｷﾚｰﾆ
77F3,ｶﾙﾋﾟｰﾆ
77F4,ｸﾞｽｰﾚ
77F5,ﾐｸﾞﾈｯﾘ
77F6,ﾌﾞﾙﾈｰﾘ
77F7,ﾎﾟﾝｺﾈｰｾﾞ
77F8,ｶﾞﾌﾞﾚｯﾄ
77F9,ﾃﾞｨｵｯｼﾞ
77FA,ｶﾎﾟﾘｰﾆ
77FB,ﾎﾞｸﾈｯﾘ
77FC,ﾄﾆｰ･ﾛｰ
77FD,ｵﾄﾞﾍﾞﾍﾞ
77FE,ｳﾞｨﾙﾓ
77FF,ｷﾑ･ｼﾞｮﾝﾎ
7800,ﾔｼﾞｭﾚﾌ
7801,ﾊﾞﾌﾁｪｸ
7802,ﾛﾌﾞｺﾌ
7803,ｺﾌﾞﾁｪﾌ
7804,ｶﾝ･ｿﾝﾕｰ
7805,ﾁｮﾝ･ｺﾝﾄﾞｩﾝ
7806,ﾕﾝ･ｻﾝﾐﾝ
7807,ﾁｮﾝ･ﾄﾞﾝｲﾙ
7808,ｻﾞﾘｭｰ
7809,ｺ･ｷｼﾞｭﾝ
780A,ﾕﾝ･ﾁｬﾝﾌﾝ
780B,ｷﾑ･ｳｫﾝﾌﾝ
780C,ｿﾝ･ﾕﾝｷﾞ
780D,ﾊﾟｸ･ﾁｮﾅﾑ
780E,ｱﾝ･ｽﾝｲﾝ
780F,ﾘｰ･ｼﾞｮﾝﾄﾞｸ
7810,ﾜﾌﾞｼｬﾚﾑ
7811,ｶﾑﾅｯﾄ
7812,ｶﾓﾙﾅ
7813,ｹﾙﾓｽ
7814,ｶﾊﾞﾛ
7815,ﾒﾙｶﾎﾞ
7816,ﾊﾞｸﾞﾘﾚ
7817,ｶｼﾞﾑ
7818,ｳｰﾘｯｼｭ
7819,ｴｼﾞｮｱ
781A,ﾅｸﾃﾞ
781B,ｶﾑｱﾌﾞ
781C,ｹﾃﾞｭｸ
781D,ｴﾑｺﾏﾃﾞ
781E,ﾐｺﾈﾑ
781F,ﾌｨﾒｲ
7820,ｿﾝ･ｸﾝﾁｭﾝ
7821,ﾎﾟﾙﾀｰ
7822,ｷﾞﾃﾞﾑｿﾝ
7823,ﾋﾞﾚﾑｿﾝ
7824,ｶﾞﾘﾊｼﾑ
7825,ｶﾊﾞﾚﾛ
7826,ｺﾞﾝｻﾞｰﾉ
7827,ｴﾙﾆｰｼﾞｮ
7828,ﾍﾞﾘｸﾙｽ
7829,ｱｼﾞｪﾚﾗ
782A,ｾﾗｸﾙｽ
782B,ﾄﾋﾞｼﾞｬｰﾆ
782C,ｽｰ･ｼｰﾁｪﾝ
782D,ﾜﾝ･ﾒｲﾌｧ
782E,ﾘｭｳ･ﾘｬﾝﾁｪﾝ
782F,ﾐｬﾝ･ﾁﾝﾎｲ
7830,ﾎﾟﾙﾃｽ
7831,ｱｷﾞﾁｪｺ
7832,ﾛﾀﾞｰﾉ
7833,ﾓﾗｳｽｷｰ
7834,ｱﾗﾌﾞﾙﾆｬｸ
7835,ﾌﾞﾛﾄﾞｽｷｰ
7836,ﾎﾞﾁｱﾝ
7837,ｹｾﾛ
7838,ｴﾌﾞｺｽ
7839,ﾎﾟﾒｰｼﾞｮ
783A,ｴﾙﾈﾄ
783B,ｶﾞﾌﾞｰﾁｮ
783C,ﾍﾑﾘﾛ
783D,ｺﾌﾞｴﾝ
783E,ﾍﾌﾞﾘﾝ
783F,ﾛｰﾚﾙ
7840,ｺﾛｯｸ
7841,ｾﾐｸ
7842,ﾈｺﾞﾘｶ
7843,ｹﾄﾞｶﾝ
7844,ﾒﾄﾞﾌ
7845,ﾍﾟﾆｺﾌ
7846,ｺﾙﾓﾌ
7847,ﾚｸﾁﾉﾌ
7848,ｿﾑﾈﾝｺ
7849,ﾍﾟｸﾁｮﾌ
784A,ﾀﾞﾚﾏﾆｺﾌ
784B,ｲﾊﾘ
784C,ｱﾙﾒﾋﾄﾞ
784D,ｱﾙﾐﾊﾚﾙ
784E,ｺﾘｯｼﾞ
784F,ｸｰﾋﾞｨｯｸ
7850,ｳｪｲﾘｯｼﾞ
7851,ﾓﾝﾄﾚｲ
7852,ﾊﾟﾄﾄﾞﾌﾞｽｷｰ
7853,ﾛｸﾘﾌ
7854,ﾊﾟﾄﾞﾈｰｼﾞｭ
7855,ﾁｶﾁｪﾝｺﾌ
7856,ｷﾁｭｲｽ
7857,ｺﾝﾍﾟｲ
7858,ﾔﾌﾞｴ
7859,ﾌｧｼﾞｬｰﾄﾞ
785A,ﾓﾛｰﾆｮ
785B,ｺﾛﾘｵ
785C,ｶﾞﾌﾗ
785D,ｻﾞﾋﾞﾑﾛ
785E,ﾍﾞﾝｹﾙﾃ
785F,ﾊﾟｹﾞｲﾛ
7860,ﾎﾞｸﾉｰﾙ
7861,ｹｽﾏﾙ
7862,ｶﾌﾞﾘｱ
7863,ﾊﾞｽｹﾞﾚ
7864,ｶﾞﾙｼｮﾝ
7865,ﾍﾞﾄﾞﾒｯｸ
7866,ｹﾌﾞｼｮﾝ
7867,ﾍﾞﾝﾒﾙ
7868,ｼｭｺﾙﾂｧ
7869,ﾋﾞｸﾗｰ
786A,ｸﾗﾁｰﾉ
786B,ﾋﾞｬﾙﾚｯﾁ
786C,ﾍﾞｼﾞｬｲﾝ
786D,ｱﾐﾙ
786E,ﾕｾﾞﾌ
786F,ﾔﾃﾞﾐ
7870,ﾔﾁﾚﾝｺ
7871,ｹﾌﾞﾉﾌ
7872,ﾘﾄﾞﾁｪﾝｺ
7873,ｻﾑﾄﾞｰﾗ
7874,ｹﾝﾌﾟ
7875,ｶﾌﾞｼｽﾞ
7876,ｴﾌﾞﾚｲﾛ
7877,ｺﾒｰﾛ
7878,ﾌｪﾚﾝｼｱ
7879,ﾎﾟｸﾞﾍﾞｲﾗ
787A,ﾛｹﾞﾚｽ
787B,ﾏｸﾞﾚｲﾛ
787C,ｽﾚｲﾏｸﾞﾙ
787D,ｹﾌﾞｺﾌ
787E,ﾄﾌﾓｲ
787F,ﾔﾌﾞﾉｺﾋﾞｯﾁ
7880,ﾗｽﾞﾉﾋﾞｯﾁ
7881,ｸﾏｼﾉﾋﾞｯﾁ
7882,ｺﾏｸﾋﾞｯﾁ
7883,ｸﾊﾞﾈｯﾘ
7884,ﾐﾁﾈｯﾘ
7885,ｻﾚｸｼｮﾝ
7886,ｼﾞｪｰﾙﾏﾝ
7887,ﾗｲﾝﾍﾞﾘ
7888,ﾑﾝｸﾞｰﾄﾞ
7889,ﾏｼﾞｬｼﾞｯﾄﾞ
788A,ﾃﾃﾞﾙﾓ
788B,ﾐｼﾞｪｲﾛ
788C,ｴｼﾞﾁｪﾌ
788D,ﾚｶﾞｼｪﾌ
788E,ｲｷｭｴﾙ
788F,ﾒﾌﾞﾉﾌ
7890,ﾏｸﾅｼﾑ
7891,ﾃﾞｾﾗﾑ
7892,ﾘﾌﾞﾅﾑ
7893,ｴﾙﾅﾏﾙ
7894,ﾜｼﾞﾌ
7895,ｹﾃﾞﾌﾞ
7896,ﾊｰﾍﾞﾙ
7897,ﾃﾞｨﾊﾞｰｸ
7898,ﾊﾞｲｾﾞﾝｶﾞｰ
7899,ﾃﾞｲﾌﾞｿﾝ
789A,ﾏｸﾍﾞﾙ
789B,ｾﾞｽﾊﾟｰ
789C,ﾗｽﾞﾍﾞﾙ
789D,ﾊﾞｽﾍﾞﾙ
789E,ｷﾞﾀﾆｬｸ
789F,ﾐﾀﾞﾄﾋﾞｯﾁ
78A0,ﾌｧﾗﾃﾞｨ
78A1,ｼｪｽﾞﾏﾝ
78A2,ﾖｺﾌﾞﾉｽｷｰ
78A3,ｺﾞﾙﾅｺﾌ
78A4,ｸﾗｲｯﾁ
78A5,ｶﾌﾞﾛﾋﾞｯﾁ
78A6,ﾛｲﾙ
78A7,ﾖﾙｸ
78A8,ｼﾞｬｰﾄｿﾝ
78A9,ﾃﾞｰﾌﾞｽ
78AA,ｴﾌﾞﾙｽﾞ
78AB,ﾚｽﾞﾃﾞﾆ
78AC,ﾊｼﾞﾑ
78AD,ｹﾞｽﾞｶ
78AE,ﾌﾟｴﾀ
78AF,ｶﾐﾉﾗ
78B0,ﾖﾑﾈﾍﾞ
78B1,ｶｻﾓﾔ
78B2,ﾃﾞｭﾜﾘ
78B3,ﾃﾞｨｶﾞﾛﾌﾟ
78B4,ｺﾏｴｰﾚ
78B5,ﾁｬﾀﾙ
78B6,ｾｱｳ
78B7,ｹﾍﾞｰﾙ
78B8,ｾﾞﾇｶ
78B9,ｾﾚﾛ
78BA,ｹﾗｰｶﾞ
78BB,ｹｼｬﾙ
78BC,ﾒﾄﾞﾏﾝ