category,feedback
Training,"The recent training module on cybersecurity provided valuable insights."
Training,"I appreciate the updated training materials for our software tools."
Training,"The scheduled training sessions have been consistently informative."
Training,"In the recent workshop for our CRM system, the hands-on approach was beneficial."
Training,"Training on modern data analytics has become more relevant to our projects."
Training,"Our hands-on training for remote work tools has been very effective."
Training,"The new onboarding process for IT training remains unclear."
Training,"I found the team training on system backups both engaging and useful."
Training,"The recurring training updates about IT security are essential."
Training,"Our digital transformation training is well-structured and informative."
Network,"Our network performance has been erratic, with frequent slowdowns."
Network,"The daily hiccups in our VPN and internal connections are frustrating."
Network,"Network instability during peak hours leaves me unable to work effectively."
Network,"Although the network infrastructure is robust, we still face issues."
Network,"Frequent router misconfigurations lead to sporadic connectivity."
Network,"The lag during remote access and cloudy connections is disruptive."
Network,"Unexpected network outages during video conferences are unacceptable."
IT-support,"IT-support is prompt when addressing common issues."
IT-support,"I greatly appreciate the help desk's willingness to assist."
IT-support,"The resolution process by IT-support is mostly efficient."
IT-support,"Every encounter with IT support brings a blend of relief and frustration."
IT-support,"IT-support's proactive assistance usually brings peace of mind."
IT-support,"Frequent interactions with IT-support reveal a lack of communication."
IT-support,"Although IT-support quickly addresses routine problems, complex issues linger."
IT-support,"My experiences with IT-support are generally positive."
Other,"The new software update brought unpredictable changes."
Other,"Management decisions often appear abstract, leaving us confused."
Other,"While the office layout has seen improvements, there are still issues."
Other,"Recent changes in logistical support seem misguided."
Other,"New policy revisions sometimes read like riddles."
Other,"I find myself at a loss with the latest update."
Other,"Potato internet and unicorn protocols have become a joke."
Other,"Internal communication appears sporadic and elusive."
Other,"Despite the apparent order, there exists an underlying chaos."
Other,"I do not know how to describe the recent system changes."
Other,"The latest patch for our core system turned rogue."
Other,"Intermittent issues with old hardware sometimes hinder productivity."
Other,"Recent leadership changes have left me with mixed feelings."
Other,"The new seating arrangement in our workspace poses challenges."
Other,"Office supplies seem to vanish without trace, causing frustration."
Other,"Policy updates occasionally resemble riddles more than guidelines."
Other,"The recent internal memo left me scratching my head."
Other,"Quantum coffee breaks and mysterious break-room happenings are amusing."
Other,"While emails fly in rapidly, the underlying message often gets lost."
Other,"Thereâ€™s an inexplicable charm in the randomness of our meetings."
Other,"The answers I was promised remain as abstract as ever."
Other,"While the system promises efficiency with every update, it often fails."
Other,"The office printer has turned into a mysterious entity."
Other,"I sometimes feel like management speaks in riddles."
Other,"A fleeting thought crossed my mind about the network issues."